filename,p0,p1,p2,p3,p4,correct_idx,lambda
n01440764_10027.JPEG,0.13057,0.08552,0.05038,0.04903,0.04451,-1,0.5637
n01440764_10043.JPEG,0.19919,0.06724,0.05815,0.0464,0.03411,-1,1.0542
n01440764_10048.JPEG,0.31215,0.07694,0.04775,0.04179,0.0402,-1,1.8425
n01440764_10066.JPEG,0.37954,0.14122,0.04168,0.02422,0.01876,-1,1.674
n01440764_10074.JPEG,0.56374,0.04901,0.04594,0.02384,0.02246,-1,3.7863
n01440764_10110.JPEG,0.16478,0.11963,0.0893,0.05578,0.04686,-1,0.5476
n01440764_10124.JPEG,0.47785,0.11826,0.05443,0.03753,0.02417,-1,2.0884
n01440764_10159.JPEG,0.1196,0.11523,0.10069,0.08927,0.03774,-1,0.3083
n01440764_10218.JPEG,0.06551,0.06162,0.03958,0.038,0.03515,-1,0.3036
n01440764_10227.JPEG,0.11273,0.08533,0.08112,0.06414,0.06277,-1,0.2599
n01440764_10251.JPEG,0.36997,0.24003,0.07643,0.07173,0.03003,-1,1.008
n01440764_10320.JPEG,0.26944,0.05771,0.03592,0.03068,0.02078,-1,2.1454
n01440764_10323.JPEG,0.19894,0.08993,0.06771,0.05686,0.056,-1,0.7496
n01440764_10365.JPEG,0.16599,0.15164,0.04553,0.04423,0.03845,-1,0.7176
n01440764_10382.JPEG,0.26803,0.21157,0.11703,0.06949,0.02745,-1,0.7331
n01440764_10427.JPEG,0.20417,0.03458,0.02839,0.02655,0.02013,4,2.4103
n01440764_10444.JPEG,0.36437,0.14798,0.0328,0.02989,0.02769,-1,1.5942
n01440764_10449.JPEG,0.42562,0.03579,0.03062,0.02621,0.02267,-1,3.8649
n01440764_10462.JPEG,0.14986,0.11806,0.04218,0.02746,0.02661,-1,0.8315
n01440764_10464.JPEG,0.12045,0.11335,0.06801,0.06406,0.05065,0,0.3836
n01440764_10514.JPEG,0.58545,0.03597,0.01877,0.01825,0.01559,-1,4.5424
n01440764_10531.JPEG,0.23804,0.09581,0.04356,0.03614,0.03085,-1,1.3002
n01440764_10542.JPEG,0.19753,0.16688,0.04759,0.03675,0.02622,-1,0.8622
n01440764_10667.JPEG,0.19069,0.06076,0.03997,0.03826,0.03344,1,1.2887
n01440764_10726.JPEG,0.10272,0.08286,0.07289,0.06189,0.05749,-1,0.2545
n01440764_10733.JPEG,0.22069,0.09958,0.09867,0.07002,0.05982,-1,0.6491
n01440764_10740.JPEG,0.14332,0.09625,0.0462,0.03511,0.02334,-1,0.8083
n01440764_10779.JPEG,0.19342,0.09043,0.08896,0.06454,0.04329,-1,0.6608
n01440764_10792.JPEG,0.10349,0.08087,0.06964,0.0576,0.03408,-1,0.3849
n01440764_10812.JPEG,0.05182,0.04999,0.0491,0.04144,0.04136,-1,0.1042
n01440764_10852.JPEG,0.32447,0.10098,0.07657,0.07489,0.02985,-1,1.2817
n01440764_10969.JPEG,0.43028,0.03598,0.02815,0.02622,0.02296,-1,3.8993
n01440764_10979.JPEG,0.31147,0.05996,0.05648,0.02692,0.02492,-1,2.1477
n01440764_10995.JPEG,0.05901,0.05458,0.05336,0.0445,0.02616,-1,0.2461
n01440764_11011.JPEG,0.64625,0.05152,0.03233,0.02866,0.02551,-1,4.0441
n01440764_11018.JPEG,0.17038,0.07973,0.06789,0.05289,0.04244,-1,0.7024
n01440764_11063.JPEG,0.0586,0.05812,0.03659,0.03496,0.03483,-1,0.2735
n01440764_1108.JPEG,0.32321,0.05643,0.03558,0.03442,0.02688,-1,2.5197
n01440764_1113.JPEG,0.43664,0.08469,0.04172,0.03542,0.02446,1,2.4621
n01440764_11145.JPEG,0.32886,0.12435,0.06365,0.03611,0.02312,-1,1.4243
n01440764_11151.JPEG,0.06483,0.03091,0.02974,0.02648,0.02609,-1,0.4725
n01440764_11190.JPEG,0.17387,0.04798,0.04152,0.03744,0.02645,-1,1.3132
n01440764_11211.JPEG,0.67711,0.016,0.01565,0.01286,0.01122,-1,6.1628
n01440764_11213.JPEG,0.27154,0.12211,0.0566,0.03525,0.02922,-1,1.2325
n01440764_11225.JPEG,0.57524,0.18681,0.06183,0.01189,0.01116,-1,1.8811
n01440764_11314.JPEG,0.38422,0.12582,0.08315,0.04707,0.04534,-1,1.4299
n01440764_11331.JPEG,0.40617,0.10373,0.0852,0.04993,0.03975,-1,1.6712
n01440764_11346.JPEG,0.12395,0.10034,0.09748,0.09014,0.02806,-1,0.3483
n01440764_1135.JPEG,0.07021,0.06409,0.05422,0.04134,0.03874,-1,0.2653
n01440764_11420.JPEG,0.44949,0.24322,0.05244,0.02894,0.02056,-1,1.3526
n01440764_11444.JPEG,0.35495,0.25356,0.0277,0.01905,0.01736,4,1.2193
n01440764_1145.JPEG,0.1327,0.07505,0.05836,0.04641,0.03771,-1,0.6015
n01440764_11469.JPEG,0.77653,0.01648,0.00948,0.00917,0.00815,-1,6.3802
n01440764_1154.JPEG,0.32284,0.06896,0.03259,0.03038,0.02805,-1,2.2821
n01440764_1155.JPEG,0.11861,0.07391,0.04774,0.04669,0.0457,-1,0.5162
n01440764_11566.JPEG,0.16966,0.13345,0.07348,0.03712,0.03493,-1,0.7026
n01440764_11588.JPEG,0.18008,0.09864,0.04748,0.03489,0.0279,-1,0.967
n01440764_11602.JPEG,0.29172,0.15277,0.06666,0.05187,0.03307,-1,1.0704
n01440764_11626.JPEG,0.17917,0.10952,0.05924,0.04319,0.04279,-1,0.7743
n01440764_11636.JPEG,0.33592,0.13812,0.04088,0.03263,0.02256,-1,1.5107
n01440764_11656.JPEG,0.51964,0.1056,0.03222,0.02554,0.0201,-1,2.5457
n01440764_11665.JPEG,0.13019,0.05901,0.04514,0.03909,0.03837,-1,0.7182
n01440764_11679.JPEG,0.15369,0.13409,0.12539,0.0416,0.03649,-1,0.5067
n01440764_11736.JPEG,0.15339,0.02815,0.0268,0.02615,0.02214,-1,2.0447
n01440764_11762.JPEG,0.3203,0.04687,0.03354,0.02036,0.01897,-1,2.8585
n01440764_11787.JPEG,0.22239,0.11844,0.05147,0.04278,0.03641,-1,1.0074
n01440764_11807.JPEG,0.18804,0.14052,0.10062,0.0753,0.05436,-1,0.5144
n01440764_11825.JPEG,0.33674,0.1554,0.08927,0.02492,0.02157,-1,1.2282
n01440764_11830.JPEG,0.30235,0.21204,0.06457,0.0383,0.029,-1,1.0145
n01440764_11838.JPEG,0.24924,0.0636,0.05652,0.04293,0.04191,-1,1.4662
n01440764_11881.JPEG,0.19715,0.12538,0.02245,0.02023,0.01907,-1,1.1844
n01440764_11887.JPEG,0.08017,0.05906,0.0557,0.03865,0.02842,-1,0.3952
n01440764_11897.JPEG,0.64032,0.0622,0.0374,0.03277,0.03185,-1,3.6874
n01440764_11905.JPEG,0.12449,0.12116,0.10117,0.07468,0.07254,-1,0.25
n01440764_11914.JPEG,0.31782,0.11654,0.02626,0.02615,0.02542,1,1.7063
n01440764_11930.JPEG,0.408,0.14933,0.06484,0.04119,0.03877,-1,1.5121
n01440764_11972.JPEG,0.83311,0.02431,0.01304,0.01174,0.00677,-1,5.8383
n01440764_11974.JPEG,0.33694,0.20871,0.158,0.10375,0.02523,-1,0.7392
n01440764_12021.JPEG,0.53449,0.04603,0.02171,0.01874,0.01576,-1,3.957
n01440764_12023.JPEG,0.21693,0.16398,0.05459,0.05126,0.02659,-1,0.8592
n01440764_12040.JPEG,0.7628,0.01851,0.0087,0.00809,0.00749,-1,6.1601
n01440764_12077.JPEG,0.727,0.09307,0.02915,0.00705,0.00587,-1,3.344
n01440764_12100.JPEG,0.39829,0.13466,0.03068,0.02808,0.0272,-1,1.8252
n01440764_12111.JPEG,0.07349,0.06725,0.06546,0.05702,0.03405,-1,0.2331
n01440764_12157.JPEG,0.24719,0.13924,0.1112,0.0716,0.07046,-1,0.6377
n01440764_12178.JPEG,0.49324,0.14794,0.08892,0.02985,0.02109,-1,1.73
n01440764_12182.JPEG,0.40236,0.08473,0.07723,0.03485,0.02557,2,2.0127
n01440764_12188.JPEG,0.60746,0.05282,0.04986,0.02872,0.0225,3,3.7809
n01440764_12204.JPEG,0.12859,0.07751,0.03993,0.02876,0.02498,-1,0.8392
n01440764_12208.JPEG,0.61575,0.06125,0.02678,0.02327,0.02091,0,3.7118
n01440764_12250.JPEG,0.58525,0.12431,0.09996,0.02407,0.01729,0,2.1567
n01440764_12255.JPEG,0.30582,0.08048,0.0602,0.05549,0.03868,-1,1.5547
n01440764_12283.JPEG,0.18058,0.10643,0.09358,0.0517,0.0483,4,0.611
n01440764_12308.JPEG,0.68892,0.01563,0.01022,0.0091,0.00842,-1,6.2599
n01440764_1232.JPEG,0.15413,0.07255,0.07096,0.05939,0.03312,-1,0.6276
n01440764_12329.JPEG,0.87607,0.02601,0.01214,0.00813,0.0057,-1,5.8164
n01440764_12362.JPEG,0.32572,0.14301,0.06227,0.03807,0.02424,-1,1.3132
n01440764_12388.JPEG,0.4259,0.12093,0.03401,0.03023,0.01508,-1,2.0337
n01440764_12433.JPEG,0.49844,0.07984,0.06459,0.0309,0.01484,-1,2.6427
n01440764_12435.JPEG,0.579,0.03262,0.02785,0.02452,0.02164,-1,4.6238
n01440764_12468.JPEG,0.06088,0.05048,0.04228,0.03799,0.03783,-1,0.2237
n01440764_12494.JPEG,0.66668,0.08606,0.03616,0.02865,0.01082,-1,3.2591
n01440764_12502.JPEG,0.2868,0.06064,0.04434,0.03137,0.02989,-1,2.078
n01440764_12534.JPEG,0.48275,0.05473,0.03734,0.02532,0.02414,-1,3.3686
n01440764_12548.JPEG,0.14238,0.10304,0.08257,0.0771,0.07601,-1,0.3022
n01440764_12571.JPEG,0.13835,0.07631,0.05606,0.05298,0.05114,-1,0.5367
n01440764_12573.JPEG,0.6246,0.06917,0.05814,0.01692,0.01271,-1,3.3693
n01440764_12586.JPEG,0.15638,0.11264,0.09906,0.04688,0.04312,-1,0.5382
n01440764_12632.JPEG,0.64344,0.0331,0.02135,0.0134,0.01289,0,4.8351
n01440764_12635.JPEG,0.36679,0.07958,0.05148,0.0217,0.02153,-1,2.1906
n01440764_12689.JPEG,0.41312,0.09159,0.08748,0.03987,0.03536,1,1.8588
n01440764_12702.JPEG,0.28492,0.20414,0.05334,0.03257,0.03116,-1,1.0304
n01440764_12708.JPEG,0.36777,0.29287,0.07125,0.03945,0.034,-1,0.994
n01440764_12732.JPEG,0.09482,0.06183,0.05124,0.03892,0.03629,-1,0.4544
n01440764_1278.JPEG,0.07169,0.03636,0.03596,0.0325,0.03202,-1,0.3978
n01440764_12785.JPEG,0.69918,0.03538,0.02753,0.01575,0.01554,-1,4.8397
n01440764_12817.JPEG,0.41384,0.0902,0.04086,0.0397,0.03813,-1,2.2574
n01440764_12881.JPEG,0.20591,0.05744,0.0276,0.02068,0.01641,-1,1.8458
n01440764_12917.JPEG,0.42675,0.19337,0.05451,0.01646,0.01182,-1,1.5074
n01440764_13009.JPEG,0.155,0.12323,0.02659,0.02584,0.02502,-1,0.9298
n01440764_13035.JPEG,0.43233,0.04518,0.03224,0.03066,0.02138,-1,3.496
n01440764_13068.JPEG,0.51774,0.11343,0.03499,0.03464,0.02291,1,2.4034
n01440764_13116.JPEG,0.31477,0.08808,0.03854,0.01764,0.01645,-1,1.9484
n01440764_13133.JPEG,0.55796,0.06751,0.06485,0.04493,0.03153,-1,3.0888
n01440764_13161.JPEG,0.07204,0.05719,0.05596,0.04243,0.03917,-1,0.2553
n01440764_13183.JPEG,0.21152,0.12291,0.03531,0.03436,0.03436,-1,1.0732
n01440764_13251.JPEG,0.47388,0.04178,0.03857,0.03621,0.03428,-1,3.74
n01440764_13304.JPEG,0.6797,0.05331,0.03609,0.03292,0.02968,0,4.0574
n01440764_13316.JPEG,0.4419,0.13978,0.08672,0.01728,0.01711,-1,1.6745
n01440764_13375.JPEG,0.1288,0.12834,0.1117,0.05233,0.03534,0,0.4287
n01440764_13397.JPEG,0.57769,0.05872,0.04622,0.03977,0.02414,-1,3.5222
n01440764_13436.JPEG,0.41465,0.10619,0.09884,0.07425,0.02613,-1,1.5232
n01440764_13489.JPEG,0.32998,0.07847,0.06673,0.06649,0.06015,-1,1.5309
n01440764_13495.JPEG,0.14566,0.07257,0.05027,0.04828,0.04699,-1,0.6556
n01440764_13545.JPEG,0.2387,0.15516,0.10442,0.09984,0.05258,2,0.591
n01440764_13575.JPEG,0.46509,0.04151,0.04045,0.0236,0.0219,3,3.7166
n01440764_13625.JPEG,0.12159,0.09812,0.08793,0.08019,0.02462,-1,0.3945
n01440764_13643.JPEG,0.13833,0.07936,0.04178,0.02868,0.02176,-1,0.9005
n01440764_13654.JPEG,0.22613,0.06589,0.04238,0.03146,0.02026,-1,1.5933
n01440764_13679.JPEG,0.22954,0.03964,0.0391,0.03767,0.02506,-1,2.1851
n01440764_13694.JPEG,0.11797,0.09405,0.05319,0.04805,0.04804,3,0.4728
n01440764_137.JPEG,0.56501,0.0361,0.03498,0.02696,0.02212,-1,4.3622
n01440764_13751.JPEG,0.54803,0.07193,0.03231,0.03226,0.02456,-1,3.2004
n01440764_13770.JPEG,0.37581,0.12473,0.08437,0.02135,0.01963,2,1.5421
n01440764_13797.JPEG,0.16779,0.13835,0.09422,0.0301,0.02591,-1,0.6835
n01440764_13801.JPEG,0.09674,0.0576,0.04714,0.0452,0.03843,-1,0.4318
n01440764_13806.JPEG,0.15562,0.05905,0.04784,0.02925,0.02544,-1,1.0514
n01440764_13842.JPEG,0.40065,0.05665,0.05391,0.0269,0.01949,-1,2.793
n01440764_13895.JPEG,0.5874,0.02361,0.02164,0.01798,0.01622,-1,5.2283
n01440764_13905.JPEG,0.29579,0.27804,0.05628,0.03597,0.02473,-1,0.9265
n01440764_13978.JPEG,0.07278,0.06197,0.0601,0.03732,0.02877,-1,0.3439
n01440764_14025.JPEG,0.27398,0.08094,0.05353,0.0499,0.02281,-1,1.4987
n01440764_14034.JPEG,0.09731,0.07721,0.04398,0.03587,0.0345,-1,0.523
n01440764_14053.JPEG,0.46828,0.06371,0.04662,0.0452,0.04,-1,2.9504
n01440764_14074.JPEG,0.24683,0.09473,0.0755,0.03983,0.01998,-1,1.1527
n01440764_14098.JPEG,0.28735,0.11794,0.09074,0.04385,0.0378,-1,1.0782
n01440764_14150.JPEG,0.25917,0.05662,0.04235,0.0334,0.02951,-1,1.9679
n01440764_14169.JPEG,0.34964,0.1003,0.05733,0.04181,0.02634,-1,1.7103
n01440764_14172.JPEG,0.11444,0.08915,0.05359,0.02792,0.02496,-1,0.6645
n01440764_14232.JPEG,0.10561,0.09922,0.09306,0.06006,0.05443,4,0.2743
n01440764_14233.JPEG,0.24098,0.14673,0.10724,0.05595,0.03605,-1,0.7624
n01440764_14280.JPEG,0.28935,0.08199,0.04337,0.02342,0.02125,-1,1.8169
n01440764_14310.JPEG,0.20542,0.1539,0.13912,0.10427,0.05349,-1,0.4361
n01440764_14341.JPEG,0.0781,0.07713,0.06429,0.0547,0.04935,-1,0.2029
n01440764_14342.JPEG,0.45296,0.12079,0.0386,0.02897,0.02794,-1,2.0916
n01440764_14383.JPEG,0.10314,0.07832,0.0698,0.05864,0.05691,-1,0.2695
n01440764_14411.JPEG,0.16234,0.08019,0.06819,0.0633,0.05803,2,0.5372
n01440764_14435.JPEG,0.1062,0.06924,0.03918,0.03733,0.03279,0,0.6102
n01440764_14448.JPEG,0.18811,0.13828,0.07314,0.04078,0.03041,-1,0.7659
n01440764_14490.JPEG,0.60945,0.1016,0.03806,0.02569,0.01677,-1,2.8405
n01440764_14524.JPEG,0.31342,0.13541,0.10382,0.06632,0.06566,-1,0.9087
n01440764_14559.JPEG,0.14327,0.05839,0.04326,0.03685,0.03617,-1,0.8676
n01440764_14609.JPEG,0.55518,0.04614,0.03276,0.03189,0.02813,-1,3.9356
n01440764_14633.JPEG,0.32121,0.12598,0.05132,0.02864,0.02732,-1,1.4755
n01440764_14650.JPEG,0.66498,0.03048,0.01643,0.01269,0.01178,-1,5.0563
n01440764_14771.JPEG,0.08844,0.08325,0.07769,0.06339,0.05881,0,0.175
n01440764_1478.JPEG,0.18311,0.03312,0.03249,0.02589,0.02299,-1,2.1218
n01440764_14790.JPEG,0.27863,0.077,0.06806,0.04849,0.04351,1,1.3676
n01440764_14802.JPEG,0.85509,0.01795,0.0065,0.00622,0.00569,-1,6.4146
n01440764_14855.JPEG,0.21934,0.11679,0.0571,0.0269,0.02564,0,1.0778
n01440764_14885.JPEG,0.24048,0.08976,0.07196,0.06144,0.04319,-1,0.9694
n01440764_14891.JPEG,0.68494,0.05323,0.03801,0.01262,0.01036,-1,4.0795
n01440764_15008.JPEG,0.25328,0.15576,0.07427,0.06239,0.02525,-1,0.8942
n01440764_15081.JPEG,0.22355,0.13233,0.13028,0.04797,0.02759,-1,0.7115
n01440764_1514.JPEG,0.06754,0.0591,0.05785,0.05705,0.03569,-1,0.1889
n01440764_15203.JPEG,0.52998,0.14012,0.02599,0.02008,0.01409,-1,2.2435
n01440764_1552.JPEG,0.35145,0.09762,0.091,0.07512,0.03665,-1,1.3145
n01440764_1561.JPEG,0.21609,0.08732,0.04389,0.04063,0.03833,-1,1.1729
n01440764_1577.JPEG,0.05059,0.031,0.02752,0.02679,0.02434,-1,0.3335
n01440764_16072.JPEG,0.31953,0.05003,0.02903,0.0223,0.02021,-1,2.8007
n01440764_16090.JPEG,0.11468,0.05662,0.05357,0.03947,0.03744,-1,0.5684
n01440764_16348.JPEG,0.2878,0.07536,0.05733,0.02223,0.02144,-1,1.7669
n01440764_16906.JPEG,0.34435,0.30998,0.02283,0.01663,0.01636,-1,1.0997
n01440764_17050.JPEG,0.07493,0.05284,0.03946,0.03716,0.03121,-1,0.3982
n01440764_17058.JPEG,0.21822,0.20036,0.07312,0.05158,0.02931,-1,0.7544
n01440764_17454.JPEG,0.20707,0.16781,0.02128,0.02089,0.0195,-1,1.0646
n01440764_17501.JPEG,0.20364,0.10735,0.07984,0.0659,0.0399,-1,0.7207
n01440764_1778.JPEG,0.28662,0.09432,0.03649,0.03604,0.03278,-1,1.6323
n01440764_17782.JPEG,0.14262,0.10231,0.08893,0.05637,0.05481,-1,0.4361
n01440764_18.JPEG,0.28804,0.13014,0.09294,0.08066,0.06485,-1,0.8212
n01440764_18128.JPEG,0.17049,0.11444,0.05715,0.02804,0.02799,-1,0.8585
n01440764_1827.JPEG,0.21469,0.03144,0.03115,0.02942,0.02091,-1,2.5906
n01440764_19035.JPEG,0.55692,0.04273,0.02706,0.02094,0.0164,-1,4.1157
n01440764_19302.JPEG,0.19494,0.07894,0.06581,0.04333,0.03712,-1,0.9251
n01440764_19661.JPEG,0.4279,0.1629,0.04394,0.01723,0.01605,-1,1.6996
n01440764_19759.JPEG,0.08971,0.08936,0.06524,0.04014,0.03976,-1,0.3731
n01440764_19777.JPEG,0.18112,0.04849,0.04329,0.0393,0.03291,-1,1.295
n01440764_2001.JPEG,0.68513,0.09944,0.0298,0.01293,0.00933,-1,3.1326
n01440764_20434.JPEG,0.43686,0.09612,0.03921,0.0291,0.02785,-1,2.3221
n01440764_20451.JPEG,0.24837,0.10542,0.06515,0.06446,0.05935,-1,0.9141
n01440764_20650.JPEG,0.21226,0.09334,0.05523,0.03938,0.03696,-1,1.0507
n01440764_21043.JPEG,0.06913,0.06186,0.05877,0.04996,0.04228,-1,0.191
n01440764_21095.JPEG,0.40464,0.07699,0.06824,0.01964,0.01917,-1,2.2798
n01440764_2117.JPEG,0.27873,0.11884,0.06905,0.05526,0.05322,-1,1.0512
n01440764_21191.JPEG,0.17235,0.15054,0.06461,0.06194,0.05382,2,0.5776
n01440764_2144.JPEG,0.70294,0.02563,0.02479,0.00851,0.00808,-1,5.4
n01440764_21603.JPEG,0.71637,0.03064,0.01876,0.01477,0.01144,-1,5.1654
n01440764_21809.JPEG,0.65596,0.05105,0.02289,0.01268,0.01169,-1,4.1499
n01440764_22029.JPEG,0.24298,0.08355,0.07796,0.05536,0.04511,-1,0.9954
n01440764_22135.JPEG,0.23428,0.06988,0.0631,0.05053,0.04769,-1,1.1403
n01440764_2221.JPEG,0.24882,0.1757,0.07927,0.04903,0.02287,-1,0.877
n01440764_22277.JPEG,0.45069,0.07716,0.04438,0.044,0.03909,-1,2.6018
n01440764_2255.JPEG,0.65659,0.10736,0.04358,0.02306,0.00973,1,2.8652
n01440764_2275.JPEG,0.10032,0.05492,0.04971,0.04642,0.04526,-1,0.3941
n01440764_22873.JPEG,0.71887,0.06037,0.01726,0.01213,0.01138,-1,4.0647
n01440764_22948.JPEG,0.85516,0.01572,0.01158,0.00652,0.0053,-1,6.6153
n01440764_23606.JPEG,0.42079,0.0432,0.03082,0.02258,0.02254,-1,3.5411
n01440764_2375.JPEG,0.13114,0.09025,0.08437,0.06493,0.04688,-1,0.3987
n01440764_239.JPEG,0.19962,0.05514,0.04788,0.03246,0.03028,-1,1.404
n01440764_2418.JPEG,0.30914,0.17213,0.09786,0.02972,0.02407,-1,1.0488
n01440764_24299.JPEG,0.04771,0.04694,0.04195,0.03872,0.03377,-1,0.1413
n01440764_24502.JPEG,0.6878,0.073,0.05624,0.01777,0.01563,-1,3.4788
n01440764_2490.JPEG,0.18541,0.10738,0.07601,0.03971,0.03778,-1,0.7728
n01440764_25064.JPEG,0.1256,0.04337,0.04179,0.03521,0.03424,-1,0.822
n01440764_25148.JPEG,0.19925,0.04238,0.03088,0.02496,0.024,-1,2.0332
n01440764_2544.JPEG,0.16951,0.11894,0.07324,0.06801,0.06093,-1,0.5132
n01440764_25478.JPEG,0.17137,0.0651,0.06391,0.03619,0.03456,-1,0.9034
n01440764_2574.JPEG,0.32674,0.03017,0.02855,0.02357,0.01479,-1,3.6461
n01440764_2577.JPEG,0.23519,0.11999,0.11062,0.03881,0.02209,-1,0.8666
n01440764_26234.JPEG,0.55943,0.06511,0.01637,0.01525,0.01309,-1,3.5166
n01440764_26541.JPEG,0.8834,0.02377,0.00795,0.00623,0.00403,-1,5.9968
n01440764_26631.JPEG,0.15477,0.04036,0.03508,0.02828,0.02553,-1,1.4327
n01440764_26659.JPEG,0.32528,0.06275,0.04603,0.03299,0.02381,-1,2.2734
n01440764_26698.JPEG,0.53496,0.21183,0.02637,0.01913,0.01387,3,1.7758
n01440764_26892.JPEG,0.4081,0.03676,0.03204,0.01878,0.01734,-1,3.7379
n01440764_2690.JPEG,0.72764,0.06306,0.05827,0.01574,0.00957,0,3.811
n01440764_27042.JPEG,0.27199,0.26735,0.06878,0.06238,0.03054,2,0.7975
n01440764_2729.JPEG,0.13654,0.09137,0.06096,0.05963,0.04037,0,0.5279
n01440764_27451.JPEG,0.41251,0.08086,0.02696,0.02056,0.02049,-1,2.5825
n01440764_27895.JPEG,0.14764,0.04452,0.0445,0.03168,0.03095,-1,1.0684
n01440764_2825.JPEG,0.27722,0.1167,0.09628,0.04967,0.04876,-1,0.9622
n01440764_2866.JPEG,0.17627,0.16487,0.15477,0.08011,0.04628,-1,0.4133
n01440764_2920.JPEG,0.24763,0.04515,0.03787,0.02868,0.02075,-1,2.2795
n01440764_2921.JPEG,0.2291,0.11989,0.10945,0.09788,0.04777,-1,0.5865
n01440764_2939.JPEG,0.07504,0.03982,0.03315,0.03281,0.02836,-1,0.4788
n01440764_2948.JPEG,0.19382,0.09916,0.09081,0.02965,0.02562,-1,0.8512
n01440764_29551.JPEG,0.73077,0.02406,0.02243,0.01659,0.01404,-1,5.5835
n01440764_29670.JPEG,0.11956,0.05821,0.0444,0.03182,0.02994,-1,0.7553
n01440764_29731.JPEG,0.59987,0.02301,0.01946,0.01046,0.00933,-1,5.3247
n01440764_29788.JPEG,0.39938,0.1755,0.14548,0.02986,0.02077,-1,1.1307
n01440764_298.JPEG,0.11391,0.1004,0.07418,0.05107,0.03903,2,0.4307
n01440764_30045.JPEG,0.18315,0.14114,0.0327,0.02647,0.02185,-1,0.9776
n01440764_3070.JPEG,0.22844,0.1237,0.10562,0.02256,0.01511,-1,0.9292
n01440764_30897.JPEG,0.12961,0.08771,0.0653,0.06351,0.05214,-1,0.4146
n01440764_30985.JPEG,0.47842,0.21507,0.02639,0.02308,0.02166,-1,1.6173
n01440764_31129.JPEG,0.48566,0.09299,0.02038,0.01895,0.01404,-1,2.7049
n01440764_3146.JPEG,0.36514,0.12691,0.03856,0.0244,0.0167,3,1.7484
n01440764_31518.JPEG,0.13841,0.11123,0.05973,0.04878,0.04855,-1,0.5413
n01440764_31535.JPEG,0.32081,0.07364,0.05068,0.03275,0.01897,-1,2.0051
n01440764_3172.JPEG,0.176,0.10626,0.06272,0.03377,0.03327,-1,0.8318
n01440764_3199.JPEG,0.29735,0.06679,0.04567,0.04198,0.02663,-1,1.9654
n01440764_320.JPEG,0.16737,0.12808,0.07775,0.04458,0.04307,-1,0.633
n01440764_32134.JPEG,0.3083,0.15014,0.05726,0.0429,0.02163,-1,1.235
n01440764_3236.JPEG,0.59849,0.05832,0.01705,0.01196,0.01145,4,3.8074
n01440764_3259.JPEG,0.18175,0.05386,0.04828,0.03275,0.02691,-1,1.2706
n01440764_3287.JPEG,0.21964,0.10656,0.0906,0.08826,0.04401,-1,0.6527
n01440764_3306.JPEG,0.30577,0.12649,0.057,0.05565,0.03837,-1,1.2409
n01440764_3365.JPEG,0.13617,0.11037,0.08979,0.0428,0.03289,-1,0.5357
n01440764_3368.JPEG,0.09703,0.05241,0.04565,0.04129,0.03763,-1,0.4673
n01440764_3375.JPEG,0.19721,0.13084,0.08734,0.04524,0.03864,-1,0.7223
n01440764_341.JPEG,0.16206,0.13114,0.12874,0.12599,0.11805,-1,0.1207
n01440764_3417.JPEG,0.12219,0.07747,0.06128,0.05792,0.05117,-1,0.4116
n01440764_3425.JPEG,0.08334,0.06616,0.03279,0.02673,0.02651,-1,0.5952
n01440764_3509.JPEG,0.14531,0.0914,0.06939,0.06644,0.05096,-1,0.4708
n01440764_3566.JPEG,0.16918,0.12221,0.06983,0.04979,0.02996,-1,0.6961
n01440764_3603.JPEG,0.29981,0.17463,0.03593,0.02187,0.02138,-1,1.2748
n01440764_3614.JPEG,0.24427,0.1743,0.04605,0.0339,0.01968,-1,1.0288
n01440764_3648.JPEG,0.12334,0.08919,0.05367,0.05104,0.04417,-1,0.505
n01440764_3713.JPEG,0.26787,0.03027,0.02846,0.02781,0.02593,-1,3.2092
n01440764_3725.JPEG,0.50382,0.08109,0.02451,0.02259,0.01189,-1,2.9367
n01440764_3756.JPEG,0.27859,0.05909,0.0581,0.0332,0.02721,-1,1.8689
n01440764_3760.JPEG,0.21956,0.10686,0.06386,0.0433,0.03396,-1,0.9768
n01440764_3778.JPEG,0.0551,0.05185,0.04993,0.04233,0.0361,-1,0.1638
n01440764_3779.JPEG,0.25579,0.07178,0.04824,0.03027,0.01811,-1,1.6709
n01440764_3815.JPEG,0.82074,0.00654,0.0055,0.0052,0.00411,-1,8.0313
n01440764_3867.JPEG,0.12536,0.12331,0.0992,0.09326,0.06524,1,0.2379
n01440764_4005.JPEG,0.25724,0.1714,0.10564,0.06244,0.03658,-1,0.7655
n01440764_4106.JPEG,0.15451,0.06964,0.06528,0.04914,0.04349,-1,0.6569
n01440764_416.JPEG,0.11503,0.08838,0.06517,0.05974,0.052,-1,0.362
n01440764_421.JPEG,0.25772,0.10511,0.0552,0.02876,0.02686,-1,1.3076
n01440764_4341.JPEG,0.34322,0.06646,0.03601,0.02586,0.02363,-1,2.4346
n01440764_438.JPEG,0.2674,0.13611,0.13531,0.08091,0.04736,-1,0.68
n01440764_4409.JPEG,0.2819,0.09648,0.07402,0.0707,0.05889,-1,1.0319
n01440764_4510.JPEG,0.68113,0.0389,0.02409,0.02156,0.01397,1,4.6513
n01440764_4517.JPEG,0.07096,0.06053,0.05752,0.05218,0.04373,-1,0.1839
n01440764_4565.JPEG,0.1382,0.07943,0.05576,0.0424,0.03994,-1,0.6479
n01440764_4566.JPEG,0.12811,0.05896,0.04988,0.02712,0.02673,-1,0.8344
n01440764_457.JPEG,0.48377,0.02941,0.02929,0.02008,0.01774,-1,4.452
n01440764_459.JPEG,0.43044,0.15036,0.12634,0.04693,0.04183,2,1.272
n01440764_4611.JPEG,0.27328,0.10456,0.04118,0.03649,0.02533,4,1.4517
n01440764_4737.JPEG,0.16634,0.11657,0.0929,0.0865,0.06334,-1,0.3981
n01440764_4744.JPEG,0.28591,0.17515,0.15879,0.12963,0.07166,-1,0.5052
n01440764_485.JPEG,0.50092,0.08596,0.06487,0.05572,0.02491,-1,2.4772
n01440764_4906.JPEG,0.49049,0.08906,0.08574,0.03917,0.03647,0,2.2593
n01440764_4979.JPEG,0.46523,0.04114,0.02541,0.0171,0.01534,-1,3.8629
n01440764_4980.JPEG,0.23857,0.10463,0.05145,0.04737,0.03652,1,1.1175
n01440764_5003.JPEG,0.84013,0.01489,0.00968,0.00825,0.00612,2,6.6828
n01440764_505.JPEG,0.21319,0.10384,0.02784,0.02641,0.02558,-1,1.2982
n01440764_5066.JPEG,0.0746,0.0725,0.06954,0.04119,0.04014,-1,0.2665
n01440764_5068.JPEG,0.24525,0.02467,0.01841,0.01296,0.01241,-1,3.5679
n01440764_5087.JPEG,0.52667,0.16576,0.06185,0.03064,0.01823,-1,1.84
n01440764_5089.JPEG,0.34554,0.07425,0.04234,0.03201,0.03187,-1,2.2006
n01440764_5103.JPEG,0.43137,0.13271,0.03198,0.02969,0.02569,-1,1.9448
n01440764_5133.JPEG,0.85881,0.02441,0.00368,0.00344,0.00322,-1,5.9221
n01440764_5154.JPEG,0.38858,0.12688,0.0401,0.03761,0.01539,-1,1.7852
n01440764_519.JPEG,0.82248,0.0134,0.01075,0.00715,0.0067,-1,6.8178
n01440764_5209.JPEG,0.52775,0.0932,0.06335,0.03929,0.03,-1,2.5157
n01440764_5213.JPEG,0.53775,0.0737,0.03706,0.01735,0.01624,-1,3.1218
n01440764_5225.JPEG,0.17539,0.11504,0.08028,0.04453,0.04017,-1,0.6784
n01440764_5232.JPEG,0.39598,0.04413,0.04074,0.02191,0.01776,-1,3.296
n01440764_5256.JPEG,0.32541,0.15367,0.0625,0.02893,0.02384,-1,1.2963
n01440764_5295.JPEG,0.14724,0.08086,0.0538,0.0406,0.03822,4,0.7247
n01440764_5314.JPEG,0.07635,0.06264,0.04846,0.04622,0.03434,1,0.3192
n01440764_5339.JPEG,0.07402,0.05504,0.05207,0.04695,0.045,-1,0.2139
n01440764_5345.JPEG,0.48816,0.30172,0.03854,0.03076,0.02211,-1,1.3086
n01440764_5361.JPEG,0.16827,0.15475,0.06837,0.04571,0.03814,-1,0.6528
n01440764_5376.JPEG,0.73299,0.06298,0.04355,0.02138,0.0116,-1,3.8972
n01440764_5428.JPEG,0.08216,0.06696,0.06679,0.03454,0.03122,-1,0.384
n01440764_5501.JPEG,0.23468,0.11223,0.06485,0.03085,0.02391,-1,1.1093
n01440764_5633.JPEG,0.35988,0.07005,0.0382,0.03444,0.02402,-1,2.3988
n01440764_5634.JPEG,0.0649,0.06292,0.04468,0.04096,0.03496,-1,0.2753
n01440764_5658.JPEG,0.24997,0.08518,0.044,0.02983,0.02876,-1,1.4951
n01440764_5698.JPEG,0.31688,0.10811,0.02831,0.02511,0.02052,-1,1.7785
n01440764_574.JPEG,0.21343,0.16123,0.12504,0.04565,0.03999,-1,0.647
n01440764_5781.JPEG,0.44917,0.10176,0.03467,0.03185,0.02536,-1,2.3195
n01440764_5969.JPEG,0.5921,0.0308,0.02642,0.02402,0.01944,0,4.7694
n01440764_5990.JPEG,0.22098,0.07875,0.05482,0.04315,0.03467,2,1.1718
n01440764_6159.JPEG,0.82264,0.03024,0.0087,0.00663,0.0057,-1,5.4731
n01440764_6174.JPEG,0.13548,0.11219,0.10637,0.0867,0.07107,-1,0.2503
n01440764_6206.JPEG,0.46564,0.15436,0.07222,0.05221,0.04446,-1,1.5917
n01440764_622.JPEG,0.75666,0.01848,0.01671,0.00839,0.00784,-1,6.1125
n01440764_6246.JPEG,0.20885,0.08145,0.06131,0.05498,0.05471,-1,0.8726
n01440764_6268.JPEG,0.71886,0.08947,0.04567,0.007,0.00535,-1,3.3089
n01440764_6288.JPEG,0.26107,0.16723,0.06307,0.04857,0.04366,2,0.9307
n01440764_6301.JPEG,0.74546,0.02772,0.02613,0.018,0.00843,-1,5.3656
n01440764_6341.JPEG,0.05293,0.04588,0.03857,0.03526,0.02923,-1,0.2419
n01440764_6391.JPEG,0.43739,0.09912,0.02884,0.02035,0.01975,-1,2.3841
n01440764_6399.JPEG,0.41785,0.09592,0.06514,0.03579,0.03162,-1,2.0262
n01440764_6421.JPEG,0.48133,0.09983,0.03785,0.03536,0.03358,-1,2.4283
n01440764_6485.JPEG,0.18216,0.17681,0.12993,0.03811,0.03213,-1,0.5856
n01440764_6500.JPEG,0.4899,0.09221,0.08834,0.07881,0.06827,-1,2.0098
n01440764_6524.JPEG,0.20592,0.20083,0.11868,0.04673,0.03792,-1,0.6211
n01440764_6543.JPEG,0.39201,0.04684,0.03862,0.03362,0.02343,-1,3.1747
n01440764_6548.JPEG,0.16018,0.13403,0.1181,0.11594,0.10908,-1,0.1638
n01440764_6550.JPEG,0.19594,0.12405,0.09351,0.04339,0.02435,-1,0.7585
n01440764_658.JPEG,0.12908,0.10547,0.0936,0.03353,0.03224,-1,0.5347
n01440764_6628.JPEG,0.7067,0.12205,0.07345,0.01988,0.01158,0,2.6676
n01440764_6641.JPEG,0.57845,0.04838,0.0274,0.02692,0.01731,-1,3.9749
n01440764_6642.JPEG,0.12563,0.09514,0.07105,0.06647,0.04726,2,0.3975
n01440764_6643.JPEG,0.08405,0.06847,0.06472,0.05505,0.03498,-1,0.2938
n01440764_6647.JPEG,0.24141,0.07526,0.06021,0.02567,0.02212,0,1.4387
n01440764_6672.JPEG,0.70412,0.05087,0.01926,0.01686,0.00723,-1,4.2959
n01440764_6697.JPEG,0.08994,0.08317,0.05361,0.03961,0.03638,-1,0.4194
n01440764_6706.JPEG,0.48448,0.09282,0.02416,0.01781,0.01532,-1,2.6812
n01440764_6707.JPEG,0.58181,0.02947,0.0285,0.02041,0.01909,-1,4.7992
n01440764_6719.JPEG,0.10655,0.07697,0.07617,0.07027,0.06415,-1,0.2042
n01440764_6786.JPEG,0.15282,0.12203,0.08854,0.0462,0.03927,1,0.5625
n01440764_6812.JPEG,0.64974,0.03608,0.01775,0.01696,0.01397,1,4.7278
n01440764_6831.JPEG,0.10064,0.09147,0.06915,0.06056,0.04906,0,0.3017
n01440764_6870.JPEG,0.29719,0.20933,0.09736,0.03888,0.03836,-1,0.8968
n01440764_6917.JPEG,0.31132,0.12056,0.08154,0.03452,0.03371,4,1.2566
n01440764_6936.JPEG,0.2134,0.09058,0.04072,0.0294,0.02752,-1,1.2701
n01440764_6958.JPEG,0.15818,0.08389,0.04824,0.04353,0.03779,-1,0.7955
n01440764_6964.JPEG,0.18348,0.15534,0.15305,0.08455,0.04672,2,0.4213
n01440764_6974.JPEG,0.8564,0.02738,0.02337,0.00925,0.00837,0,5.6466
n01440764_6975.JPEG,0.24474,0.12293,0.11376,0.09892,0.03829,3,0.6477
n01440764_7016.JPEG,0.9442,0.00595,0.00558,0.00334,0.00296,-1,8.4251
n01440764_7044.JPEG,0.30787,0.05189,0.03872,0.0375,0.03733,-1,2.4741
n01440764_7142.JPEG,0.23696,0.22987,0.03191,0.03082,0.0305,3,0.9233
n01440764_7153.JPEG,0.49258,0.26924,0.01651,0.01034,0.00878,-1,1.5155
n01440764_7157.JPEG,0.09203,0.09155,0.03784,0.03283,0.03196,-1,0.539
n01440764_7269.JPEG,0.1267,0.086,0.07993,0.05289,0.03432,-1,0.4845
n01440764_7274.JPEG,0.87118,0.05645,0.01294,0.01197,0.00576,-1,4.5208
n01440764_7277.JPEG,0.29682,0.2107,0.04893,0.04689,0.04082,-1,1.0028
n01440764_7302.JPEG,0.63342,0.15862,0.04902,0.02517,0.00923,-1,2.2391
n01440764_7304.JPEG,0.21857,0.08576,0.06568,0.05206,0.03342,0,0.9971
n01440764_7324.JPEG,0.43135,0.0588,0.04123,0.03094,0.01918,-1,2.9962
n01440764_7326.JPEG,0.47574,0.14018,0.05889,0.0205,0.01092,-1,1.9191
n01440764_7425.JPEG,0.95344,0.00741,0.00129,0.00111,0.00111,-1,8.0911
n01440764_7426.JPEG,0.26662,0.17531,0.07616,0.04397,0.04294,-1,0.9054
n01440764_7519.JPEG,0.15019,0.062,0.03739,0.03024,0.02738,-1,1.0676
n01440764_7548.JPEG,0.36729,0.1956,0.03454,0.0305,0.02911,-1,1.358
n01440764_7585.JPEG,0.6715,0.04166,0.03004,0.01871,0.0116,-1,4.4827
n01440764_7637.JPEG,0.26473,0.15472,0.05943,0.0403,0.04015,-1,1.0239
n01440764_7638.JPEG,0.32948,0.0374,0.02904,0.02609,0.02315,-1,3.3015
n01440764_7647.JPEG,0.46503,0.12218,0.04876,0.03527,0.03441,-1,2.0338
n01440764_7671.JPEG,0.2445,0.10706,0.03701,0.02704,0.02516,-1,1.3679
n01440764_7677.JPEG,0.32968,0.04614,0.02551,0.02544,0.0207,-1,3.0148
n01440764_7715.JPEG,0.47559,0.11768,0.09816,0.04847,0.02737,-1,1.7761
n01440764_7746.JPEG,0.50204,0.14949,0.01951,0.01676,0.0128,-1,2.1246
n01440764_7754.JPEG,0.49026,0.14702,0.04594,0.03573,0.02254,-1,1.927
n01440764_7772.JPEG,0.46874,0.09708,0.01593,0.01148,0.01022,-1,2.6308
n01440764_7774.JPEG,0.23861,0.23356,0.15598,0.05798,0.04392,1,0.5868
n01440764_7786.JPEG,0.27239,0.23309,0.11495,0.10902,0.02904,0,0.6483
n01440764_7787.JPEG,0.38022,0.12396,0.03895,0.02589,0.02516,-1,1.8089
n01440764_7819.JPEG,0.12126,0.08689,0.06255,0.04987,0.04122,-1,0.4876
n01440764_7820.JPEG,0.16074,0.11544,0.08072,0.04689,0.03306,-1,0.6364
n01440764_7846.JPEG,0.30744,0.21962,0.13177,0.06402,0.03852,-1,0.7743
n01440764_7857.JPEG,0.25179,0.14634,0.02586,0.0247,0.01863,-1,1.2729
n01440764_7889.JPEG,0.14739,0.06551,0.06409,0.05055,0.02626,-1,0.7107
n01440764_7897.JPEG,0.11616,0.06902,0.04874,0.03512,0.03177,-1,0.649
n01440764_7908.JPEG,0.28256,0.07123,0.06412,0.05016,0.03348,-1,1.5176
n01440764_7913.JPEG,0.15001,0.11203,0.05893,0.05592,0.03927,-1,0.6035
n01440764_7946.JPEG,0.23606,0.16562,0.08948,0.0524,0.04513,-1,0.7597
n01440764_7950.JPEG,0.26875,0.03552,0.03232,0.02222,0.02204,-1,2.927
n01440764_7963.JPEG,0.29323,0.07414,0.04032,0.03538,0.02441,-1,1.9148
n01440764_7967.JPEG,0.46169,0.02989,0.02348,0.01976,0.01626,-1,4.3839
n01440764_7985.JPEG,0.47276,0.06271,0.0395,0.03793,0.03135,-1,3.072
n01440764_7988.JPEG,0.29509,0.06451,0.03986,0.028,0.02367,-1,2.1388
n01440764_8003.JPEG,0.26434,0.10636,0.02212,0.02079,0.01798,-1,1.624
n01440764_8012.JPEG,0.31796,0.19195,0.1023,0.03913,0.03793,0,0.9639
n01440764_8030.JPEG,0.34616,0.16672,0.05577,0.05418,0.032,-1,1.2426
n01440764_8045.JPEG,0.64774,0.09425,0.05651,0.0303,0.02744,0,2.9513
n01440764_8067.JPEG,0.10968,0.07744,0.07523,0.04562,0.03748,-1,0.4312
n01440764_8077.JPEG,0.07919,0.07884,0.05935,0.03959,0.03604,-1,0.3458
n01440764_8164.JPEG,0.42217,0.06424,0.04381,0.03477,0.02023,-1,2.7866
n01440764_8210.JPEG,0.12462,0.07258,0.05501,0.04791,0.03828,-1,0.5599
n01440764_8221.JPEG,0.66285,0.06625,0.03252,0.01915,0.01273,-1,3.6909
n01440764_8243.JPEG,0.24668,0.11758,0.03426,0.02055,0.01944,2,1.3728
n01440764_8246.JPEG,0.27398,0.15438,0.09862,0.06535,0.05057,1,0.81
n01440764_827.JPEG,0.23354,0.14276,0.08678,0.07331,0.03815,-1,0.7419
n01440764_8302.JPEG,0.06937,0.03928,0.0305,0.02821,0.02451,-1,0.5157
n01440764_8312.JPEG,0.4176,0.11236,0.05159,0.02898,0.02264,-1,1.9719
n01440764_8347.JPEG,0.24545,0.05289,0.04914,0.03071,0.02706,-1,1.8609
n01440764_8374.JPEG,0.08442,0.07629,0.03845,0.03835,0.03069,-1,0.4724
n01440764_8398.JPEG,0.103,0.04328,0.03407,0.02468,0.02128,-1,0.8891
n01440764_8409.JPEG,0.32922,0.24526,0.02874,0.0205,0.01746,-1,1.1756
n01440764_8442.JPEG,0.28316,0.17693,0.10774,0.05984,0.04458,-1,0.8117
n01440764_8453.JPEG,0.21675,0.08962,0.03125,0.02696,0.02385,-1,1.402
n01440764_8504.JPEG,0.15162,0.09158,0.09081,0.04711,0.02939,-1,0.6012
n01440764_8548.JPEG,0.19383,0.0499,0.0476,0.0418,0.03093,3,1.332
n01440764_8622.JPEG,0.07802,0.05289,0.05101,0.04782,0.02872,-1,0.3408
n01440764_866.JPEG,0.26495,0.10581,0.05518,0.04108,0.03531,-1,1.2532
n01440764_8673.JPEG,0.25095,0.08133,0.07007,0.04423,0.03756,-1,1.1981
n01440764_8688.JPEG,0.10088,0.06909,0.03525,0.03477,0.03207,-1,0.6146
n01440764_8708.JPEG,0.12252,0.09129,0.08836,0.06961,0.04134,-1,0.3639
n01440764_8782.JPEG,0.18858,0.13628,0.05477,0.05095,0.03435,-1,0.7829
n01440764_8783.JPEG,0.24735,0.08735,0.07533,0.04149,0.03445,0,1.1341
n01440764_8801.JPEG,0.29837,0.17861,0.14742,0.03302,0.01681,-1,0.876
n01440764_8805.JPEG,0.34925,0.26058,0.04044,0.03504,0.02483,-1,1.1087
n01440764_8813.JPEG,0.21725,0.11143,0.03693,0.031,0.02138,-1,1.2026
n01440764_8826.JPEG,0.33586,0.14385,0.07532,0.03219,0.02705,-1,1.2962
n01440764_8878.JPEG,0.08387,0.07893,0.07439,0.06998,0.04474,-1,0.1948
n01440764_8903.JPEG,0.12649,0.07968,0.03516,0.0234,0.01986,-1,0.9119
n01440764_8917.JPEG,0.20843,0.05781,0.05104,0.04473,0.02533,-1,1.3294
n01440764_9093.JPEG,0.27995,0.15098,0.09232,0.03512,0.02987,1,1.0026
n01440764_910.JPEG,0.24134,0.13976,0.073,0.05474,0.05465,-1,0.8299
n01440764_9152.JPEG,0.20874,0.0544,0.04785,0.04076,0.02625,-1,1.4444
n01440764_9178.JPEG,0.15182,0.08899,0.06652,0.03046,0.02635,-1,0.7813
n01440764_9191.JPEG,0.15979,0.06422,0.05077,0.04589,0.03535,4,0.8489
n01440764_9217.JPEG,0.156,0.07456,0.05719,0.0419,0.03261,-1,0.7937
n01440764_9229.JPEG,0.21834,0.17525,0.03629,0.03146,0.02391,3,0.9767
n01440764_9244.JPEG,0.0808,0.07928,0.07543,0.04903,0.02842,-1,0.323
n01440764_9378.JPEG,0.07109,0.05666,0.05565,0.03314,0.0295,-1,0.3562
n01440764_9437.JPEG,0.23213,0.13326,0.03978,0.03435,0.02563,-1,1.1245
n01440764_9463.JPEG,0.15188,0.10488,0.09217,0.05123,0.033,-1,0.5625
n01440764_9504.JPEG,0.37048,0.16059,0.05408,0.04514,0.02949,-1,1.3877
n01440764_9518.JPEG,0.44608,0.2513,0.0374,0.02303,0.01857,-1,1.3817
n01440764_9567.JPEG,0.20435,0.10645,0.03627,0.02387,0.02363,-1,1.1984
n01440764_9595.JPEG,0.22865,0.10418,0.06657,0.0593,0.0506,-1,0.8764
n01440764_9638.JPEG,0.48326,0.04216,0.03304,0.01275,0.01208,-1,3.8406
n01440764_9649.JPEG,0.16913,0.12774,0.10926,0.02913,0.02527,-1,0.6624
n01440764_9665.JPEG,0.71421,0.03029,0.02492,0.01874,0.01567,-1,5.1473
n01440764_9678.JPEG,0.1109,0.06826,0.0452,0.04517,0.03322,-1,0.5639
n01440764_9695.JPEG,0.41353,0.03883,0.03763,0.03051,0.02984,-1,3.6004
n01440764_9697.JPEG,0.58066,0.10317,0.05675,0.01973,0.01728,2,2.6386
n01440764_97.JPEG,0.25545,0.07816,0.07771,0.04332,0.03826,-1,1.1891
n01440764_9706.JPEG,0.61086,0.04362,0.03123,0.02837,0.02299,-1,4.2199
n01440764_9720.JPEG,0.36278,0.10904,0.04598,0.03324,0.03166,-1,1.7923
n01440764_9776.JPEG,0.1492,0.10414,0.0789,0.05755,0.02327,-1,0.6018
n01440764_9780.JPEG,0.03627,0.0353,0.02948,0.02843,0.02717,-1,0.1348
n01440764_9788.JPEG,0.21725,0.09746,0.07703,0.05357,0.03854,-1,0.8654
n01440764_9846.JPEG,0.58522,0.1793,0.03363,0.01279,0.01124,-1,2.0603
n01440764_9855.JPEG,0.28001,0.12631,0.11229,0.0406,0.04026,2,0.943
n01440764_9864.JPEG,0.53086,0.04938,0.04883,0.01735,0.01531,-1,3.644
n01440764_9885.JPEG,0.26811,0.14251,0.03411,0.0317,0.02982,-1,1.2561
n01440764_9939.JPEG,0.16804,0.06864,0.04838,0.04289,0.03416,-1,0.9331
n01440764_9962.JPEG,0.36758,0.16542,0.0413,0.02107,0.02094,-1,1.5021
n01440764_9973.JPEG,0.28061,0.07663,0.0394,0.03645,0.03548,-1,1.7752
n01440764_9981.JPEG,0.21893,0.21131,0.02904,0.02216,0.02195,-1,0.9587
