filename,lamb_Q3,lamb_Q2,lamb_Q1,R1_Count,Wrong_Count,Non_R1_Count
n01440764_10026.JPEG,8.3345,5.4125,2.9735,66,8,6
n01440764_10027.JPEG,11.43125,9.31,7.52775,73,5,2
n01440764_10029.JPEG,7.851,4.0755,1.08275,67,7,6
n01440764_10040.JPEG,7.914,4.2045,1.6075,66,8,6
n01440764_10042.JPEG,3.52225,1.6905,1.033,5,25,50
n01440764_10043.JPEG,7.7165,4.304,2.179,74,5,1
n01440764_10048.JPEG,9.44725,5.56,4.09575,74,3,3
n01440764_10066.JPEG,8.837,5.776,2.7985,72,6,2
n01440764_10074.JPEG,7.0325,4.501,1.84325,71,6,3
n01440764_1009.JPEG,7.0845,2.7765,0.7585,63,10,7
n01440764_10095.JPEG,6.16575,4.255,1.933,2,26,52
n01440764_10108.JPEG,6.50825,1.422,0.608,64,15,1
n01440764_10110.JPEG,8.246,3.4465,1.72525,74,2,4
n01440764_10120.JPEG,7.2795,3.778,2.0225,67,9,4
n01440764_10124.JPEG,11.42125,9.138,6.7585,76,3,1
n01440764_10150.JPEG,5.632,1.703,0.90175,74,4,2
n01440764_10159.JPEG,9.31225,7.6345,5.01,75,3,2
n01440764_10162.JPEG,8.20875,4.8605,2.46625,63,13,4
n01440764_10183.JPEG,10.18275,6.156,1.56025,51,19,10
n01440764_10194.JPEG,11.3715,8.9505,4.8355,68,7,5
n01440764_10211.JPEG,0.997,0.452,0.26225,36,26,18
n01440764_10218.JPEG,8.10775,3.6875,1.64375,72,6,2
n01440764_10227.JPEG,7.76075,5.379,2.39175,69,8,3
n01440764_1024.JPEG,4.972,1.833,0.6665,59,13,8
n01440764_10251.JPEG,6.89175,4.7545,2.02425,71,6,3
n01440764_10254.JPEG,5.0695,3.368,1.64075,70,4,6
n01440764_10281.JPEG,0.96475,0.317,0.17575,22,54,4
n01440764_10290.JPEG,6.2725,1.8285,0.97175,71,4,5
n01440764_10293.JPEG,4.61675,2.7405,0.77425,62,13,5
n01440764_10307.JPEG,8.49825,5.6935,2.983,64,9,7
n01440764_10317.JPEG,3.026,1.6035,0.59775,59,16,5
n01440764_10319.JPEG,3.00725,0.598,0.24575,2,38,40
n01440764_10320.JPEG,7.3225,3.684,1.12075,76,3,1
n01440764_10323.JPEG,6.74675,4.0175,2.336,73,3,4
n01440764_10331.JPEG,0.62575,0.3965,0.24775,5,62,13
n01440764_10342.JPEG,7.48825,4.6225,1.4705,64,8,8
n01440764_10361.JPEG,7.435,4.417,1.82175,63,9,8
n01440764_10365.JPEG,8.498,6.761,4.0415,73,4,3
n01440764_10373.JPEG,8.8845,6.175,1.70175,59,18,3
n01440764_10380.JPEG,5.428,1.034,0.50625,59,15,6
n01440764_10382.JPEG,10.8735,7.3615,3.97925,71,7,2
n01440764_10398.JPEG,6.555,4.24,1.6445,62,13,5
n01440764_10410.JPEG,4.39525,1.882,0.75525,47,21,12
n01440764_10427.JPEG,11.45425,10.0555,6.69575,74,4,2
n01440764_10444.JPEG,10.8735,8.6215,5.59975,75,4,1
n01440764_10449.JPEG,7.67275,5.674,2.71875,72,3,5
n01440764_10462.JPEG,9.6905,6.886,4.64625,71,4,5
n01440764_10464.JPEG,9.98525,7.5645,4.71575,73,5,2
n01440764_10470.JPEG,5.94325,1.299,0.56125,61,15,4
n01440764_10482.JPEG,5.952,4.127,1.234,64,6,10
n01440764_10491.JPEG,4.47875,1.096,0.6145,71,5,4
n01440764_105.JPEG,8.55475,4.7105,1.16875,60,15,5
n01440764_10514.JPEG,8.0075,3.243,1.601,70,5,5
n01440764_10529.JPEG,4.10625,0.921,0.4865,47,20,13
n01440764_10531.JPEG,8.56975,4.8985,1.2795,71,6,3
n01440764_10534.JPEG,7.007,2.5345,0.94225,60,19,1
n01440764_10542.JPEG,10.517,8.872,6.1555,70,5,5
n01440764_10543.JPEG,4.82375,0.77,0.41025,69,7,4
n01440764_10548.JPEG,7.4195,4.319,1.65,67,8,5
n01440764_10550.JPEG,5.204,1.654,0.6065,62,15,3
n01440764_10555.JPEG,5.14,2.668,0.8805,61,10,9
n01440764_10569.JPEG,7.4495,5.359,2.36675,67,5,8
n01440764_10587.JPEG,5.599,3.077,1.8345,71,6,3
n01440764_10592.JPEG,6.37925,4.3795,2.21125,69,8,3
n01440764_10604.JPEG,5.87225,2.345,0.982,68,6,6
n01440764_10619.JPEG,6.15325,0.892,0.39925,60,13,7
n01440764_1063.JPEG,2.79825,0.3035,0.1935,49,22,9
n01440764_10649.JPEG,6.813,4.3595,1.65925,58,15,7
n01440764_10667.JPEG,9.31175,6.006,4.40025,76,2,2
n01440764_10698.JPEG,2.03475,0.9255,0.5045,51,12,17
n01440764_107.JPEG,10.4625,4.1175,1.28375,33,44,3
n01440764_10716.JPEG,5.1635,3.1985,1.71175,72,2,6
n01440764_10726.JPEG,9.23075,7.516,5.3685,76,2,2
n01440764_10733.JPEG,7.037,4.44,1.5505,69,8,3
n01440764_10738.JPEG,4.09575,2.392,1.088,61,9,10
n01440764_10740.JPEG,8.742,6.871,4.034,74,2,4
n01440764_10744.JPEG,4.15325,1.016,0.441,38,35,7
n01440764_10756.JPEG,6.418,2.711,1.26825,75,2,3
n01440764_10779.JPEG,8.28625,3.824,1.362,72,5,3
n01440764_10783.JPEG,1.43725,0.2715,0.14975,26,45,9
n01440764_10787.JPEG,5.6695,2.1705,0.54325,61,17,2
n01440764_10792.JPEG,10.002,7.595,4.9535,74,3,3
n01440764_10812.JPEG,9.21175,6.348,2.99025,70,7,3
n01440764_10822.JPEG,7.006,2.396,1.049,65,5,10
n01440764_10845.JPEG,5.62125,2.8235,1.126,70,6,4
n01440764_10847.JPEG,5.8755,3.8485,2.14,77,2,1
n01440764_10852.JPEG,6.95525,2.883,1.93225,73,4,3
n01440764_10878.JPEG,8.164,5.5065,2.0785,67,8,5
n01440764_1091.JPEG,3.23675,1.253,0.52575,55,16,9
n01440764_10910.JPEG,3.7055,1.2285,0.63975,59,7,14
n01440764_10969.JPEG,9.97775,7.7755,5.7895,75,5,0
n01440764_10979.JPEG,7.49525,5.5135,2.8285,69,5,6
n01440764_10995.JPEG,7.32775,4.3905,1.44425,73,6,1
n01440764_11011.JPEG,9.14275,8.1245,5.2905,74,5,1
n01440764_11018.JPEG,7.6645,4.464,1.724,72,4,4
n01440764_11044.JPEG,5.96475,2.0055,0.80025,63,16,1
n01440764_11063.JPEG,8.4795,6.321,4.129,70,8,2
n01440764_1108.JPEG,8.6845,4.131,2.234,73,5,2
n01440764_11085.JPEG,8.48325,6.47,3.302,68,6,6
n01440764_1113.JPEG,8.66925,6.1355,3.207,76,3,1
n01440764_11145.JPEG,7.07675,4.5075,1.90025,72,5,3
n01440764_11151.JPEG,9.62775,7.462,4.97675,73,4,3
n01440764_11155.JPEG,5.74,0.5205,0.273,61,15,4
n01440764_11170.JPEG,6.431,2.4865,0.86,71,4,5
n01440764_11190.JPEG,7.641,4.218,2.973,75,2,3
n01440764_11211.JPEG,10.93225,8.5955,5.503,74,5,1
n01440764_11213.JPEG,8.48425,5.0975,2.27025,69,5,6
n01440764_11225.JPEG,7.1735,4.1175,1.53775,69,5,6
n01440764_11281.JPEG,6.539,4.675,2.15875,72,1,7
n01440764_11314.JPEG,7.48675,3.866,1.45575,68,6,6
n01440764_11331.JPEG,8.47,4.82,2.29225,72,5,3
n01440764_11335.JPEG,7.8915,3.355,0.9015,51,21,8
n01440764_11339.JPEG,5.27825,2.773,1.14,67,3,10
n01440764_11346.JPEG,7.5755,3.581,1.3075,72,6,2
n01440764_1135.JPEG,7.05325,3.5415,1.01475,70,6,4
n01440764_11350.JPEG,6.475,3.4105,1.058,65,11,4
n01440764_11396.JPEG,10.76975,8.444,5.113,68,9,3
n01440764_11400.JPEG,4.671,1.96,0.89425,75,4,1
n01440764_1141.JPEG,4.084,1.963,1.24975,64,5,11
n01440764_11420.JPEG,8.411,5.456,4.022,73,3,4
n01440764_11424.JPEG,7.64025,4.6385,1.16975,63,13,4
n01440764_11444.JPEG,9.79175,8.255,6.03525,73,5,2
n01440764_1145.JPEG,7.8175,4.4665,2.83175,75,3,2
n01440764_11469.JPEG,8.29775,5.7335,2.8305,72,4,4
n01440764_11486.JPEG,5.857,2.698,1.53775,72,5,3
n01440764_11507.JPEG,5.796,2.4485,0.912,58,13,9
n01440764_11534.JPEG,7.45575,4.3745,0.9315,61,16,3
n01440764_11537.JPEG,3.90075,1.3165,0.68,61,4,15
n01440764_1154.JPEG,7.92975,5.499,2.96125,68,8,4
n01440764_11547.JPEG,0.9145,0.4425,0.27675,32,34,14
n01440764_1155.JPEG,8.07625,2.2255,0.97125,70,8,2
n01440764_11566.JPEG,8.77075,5.233,2.231,74,6,0
n01440764_11570.JPEG,6.20075,2.5365,0.761,60,13,7
n01440764_11586.JPEG,5.5965,0.841,0.3275,63,9,8
n01440764_11588.JPEG,10.3915,7.9065,5.88725,73,4,3
n01440764_11590.JPEG,9.22975,6.4735,2.4535,65,10,5
n01440764_11593.JPEG,6.38525,3.9245,1.29375,66,7,7
n01440764_11602.JPEG,8.16125,4.5785,2.98625,75,3,2
n01440764_11607.JPEG,9.6555,7.4495,1.10175,58,18,4
n01440764_11609.JPEG,6.56475,2.383,1.11025,72,4,4
n01440764_11612.JPEG,1.44675,0.924,0.52375,26,39,15
n01440764_11626.JPEG,8.37375,5.312,2.82875,75,3,2
n01440764_11636.JPEG,8.03925,4.9325,2.4895,74,6,0
n01440764_11650.JPEG,5.93375,3.2255,1.425,68,4,8
n01440764_11652.JPEG,6.18625,3.9655,1.161,67,6,7
n01440764_11656.JPEG,9.2655,6.4195,3.659,73,6,1
n01440764_11665.JPEG,9.1685,7.158,4.54875,70,4,6
n01440764_11667.JPEG,5.87925,2.189,0.92325,63,6,11
n01440764_11668.JPEG,2.305,1.571,0.8735,55,2,23
n01440764_11673.JPEG,3.253,0.429,0.2285,54,12,14
n01440764_11677.JPEG,4.1175,1.3455,0.529,57,15,8
n01440764_11679.JPEG,8.62225,4.6065,2.10475,74,5,1
n01440764_11723.JPEG,3.793,1.058,0.57575,55,15,10
n01440764_11726.JPEG,3.50525,2.471,1.07825,57,15,8
n01440764_11734.JPEG,3.9475,1.9795,0.94625,65,9,6
n01440764_11736.JPEG,11.27575,8.811,4.55475,72,4,4
n01440764_11745.JPEG,7.992,6.016,2.3795,68,8,4
n01440764_11750.JPEG,4.93725,2.9005,1.20625,60,18,2
n01440764_11762.JPEG,7.34275,3.0135,1.41475,72,7,1
n01440764_11787.JPEG,8.312,5.2145,3.8135,77,1,2
n01440764_11797.JPEG,7.695,3.6405,1.6655,68,6,6
n01440764_11807.JPEG,9.668,6.927,4.42275,70,5,5
n01440764_11816.JPEG,5.64875,3.566,1.52375,63,6,11
n01440764_11825.JPEG,8.44775,5.3635,2.68725,75,4,1
n01440764_11830.JPEG,7.05225,5.3675,2.94975,75,4,1
n01440764_11838.JPEG,8.55575,6.777,4.415,74,4,2
n01440764_11841.JPEG,7.195,3.385,1.0525,65,12,3
n01440764_1185.JPEG,4.0055,2.4085,1.13975,71,1,8
n01440764_11881.JPEG,9.803,7.1815,3.534,72,5,3
n01440764_11887.JPEG,10.0135,7.136,4.72075,76,1,3
n01440764_11897.JPEG,7.05125,3.302,1.085,71,5,4
n01440764_11905.JPEG,9.63275,6.97,4.76625,73,5,2
n01440764_11914.JPEG,9.589,6.8325,4.9115,71,4,5
n01440764_11930.JPEG,6.88375,4.0555,2.0975,71,4,5
n01440764_11972.JPEG,9.6905,7.4215,5.61475,72,5,3
n01440764_11974.JPEG,8.86025,5.9685,2.5745,68,5,7
n01440764_11987.JPEG,8.80075,5.536,1.89625,67,9,4
n01440764_12021.JPEG,8.048,4.124,2.12625,76,4,0
n01440764_12023.JPEG,10.0395,7.86,5.7815,75,3,2
n01440764_12037.JPEG,6.72425,2.908,0.9055,64,9,7
n01440764_12040.JPEG,7.191,4.525,2.0405,70,6,4
n01440764_12063.JPEG,5.10775,1.3195,0.6415,66,8,6
n01440764_12069.JPEG,8.79225,6.089,2.2185,61,18,1
n01440764_12077.JPEG,8.3775,5.8735,3.689,76,3,1
n01440764_12090.JPEG,7.197,1.069,0.53725,60,17,3
n01440764_12100.JPEG,8.55075,4.4495,2.00675,71,5,4
n01440764_12111.JPEG,8.98275,7.162,4.40725,75,2,3
n01440764_12129.JPEG,2.675,1.4415,0.8305,25,21,34
n01440764_12131.JPEG,8.62825,3.733,1.06475,58,20,2
n01440764_12151.JPEG,5.37575,2.655,1.51175,76,1,3
n01440764_12157.JPEG,8.45575,3.337,1.24,72,4,4
n01440764_12178.JPEG,9.7695,7.5635,3.962,72,2,6
n01440764_12182.JPEG,7.3965,4.0115,2.76275,73,4,3
n01440764_12188.JPEG,7.17275,1.7255,0.60775,71,6,3
n01440764_12204.JPEG,9.91775,7.9935,5.2555,69,7,4
n01440764_12208.JPEG,8.14275,5.4125,3.86075,76,1,3
n01440764_12211.JPEG,3.74325,1.761,0.809,48,15,17
n01440764_12239.JPEG,6.403,3.2105,0.8525,62,11,7
n01440764_12241.JPEG,7.22775,2.4395,1.082,67,10,3
n01440764_12250.JPEG,6.9375,2.659,1.3395,74,4,2
n01440764_12255.JPEG,9.79875,7.6405,5.2395,73,6,1
n01440764_12276.JPEG,7.914,5.0365,2.60775,66,9,5
n01440764_12279.JPEG,6.36425,4.806,2.99175,71,2,7
n01440764_12283.JPEG,8.53,4.744,3.59375,75,4,1
n01440764_12289.JPEG,6.61025,3.3575,0.86975,62,16,2
n01440764_12291.JPEG,7.532,5.4265,1.71125,67,7,6
n01440764_12293.JPEG,2.5,1.251,0.54525,60,9,11
n01440764_12308.JPEG,7.71275,5.6185,3.35025,70,6,4
n01440764_12314.JPEG,6.84275,3.0335,0.8465,50,23,7
n01440764_1232.JPEG,11.2205,9.087,6.38675,73,4,3
n01440764_12329.JPEG,7.98375,4.62,2.47,73,4,3
n01440764_12339.JPEG,6.91725,4.125,1.31025,67,5,8
n01440764_12362.JPEG,11.2565,8.8235,6.359,76,2,2
n01440764_12384.JPEG,6.073,3.014,0.9175,60,16,4
n01440764_12388.JPEG,8.33075,5.0495,3.8475,73,2,5
n01440764_12405.JPEG,6.113,2.234,0.8875,65,10,5
n01440764_12423.JPEG,8.41275,4.653,2.24175,67,6,7
n01440764_12433.JPEG,6.782,2.119,1.07975,69,10,1
n01440764_12435.JPEG,8.48775,4.0245,1.831,74,5,1
n01440764_1244.JPEG,6.28475,1.6565,0.847,70,8,2
n01440764_12446.JPEG,6.08075,3.264,1.424,72,4,4
n01440764_1245.JPEG,6.38,3.733,1.862,68,6,6
n01440764_12468.JPEG,7.6805,3.9895,2.175,73,5,2
n01440764_12494.JPEG,6.75225,2.3505,1.29175,74,4,2
n01440764_12498.JPEG,7.0745,4.972,2.78625,67,9,4
n01440764_12502.JPEG,7.75625,3.888,2.49775,77,3,0
n01440764_12523.JPEG,6.125,3.301,0.90175,59,17,4
n01440764_12534.JPEG,9.97025,7.73,4.99925,71,6,3
n01440764_12548.JPEG,8.51825,6.9405,3.98975,73,3,4
n01440764_12554.JPEG,4.30875,2.2645,1.108,2,11,67
n01440764_12557.JPEG,3.317,2.078,0.96225,54,5,21
n01440764_12571.JPEG,11.2315,9.3205,6.87875,75,3,2
n01440764_12572.JPEG,5.75125,3.5645,1.6,73,3,4
n01440764_12573.JPEG,7.4035,5.826,3.44125,70,2,8
n01440764_12586.JPEG,8.34325,6.089,2.6655,72,5,3
n01440764_12595.JPEG,4.38475,1.7545,0.7495,63,12,5
n01440764_12619.JPEG,6.62775,4.682,2.19875,67,4,9
n01440764_12620.JPEG,2.244,0.5265,0.25775,46,13,21
n01440764_1263.JPEG,1.40475,0.9165,0.56525,41,11,28
n01440764_12632.JPEG,8.905,7.203,5.586,76,1,3
n01440764_12635.JPEG,7.77275,4.622,2.52975,76,3,1
n01440764_12659.JPEG,3.704,2.0055,1.3095,65,3,12
n01440764_12689.JPEG,7.60275,5.589,2.92375,75,2,3
n01440764_12702.JPEG,6.979,4.0275,2.46425,73,6,1
n01440764_12708.JPEG,7.29925,4.4445,1.918,73,4,3
n01440764_1272.JPEG,7.012,4.0325,2.712,60,18,2
n01440764_12732.JPEG,9.385,6.8915,4.62675,75,3,2
n01440764_1278.JPEG,8.26575,6.1295,3.61375,69,6,5
n01440764_12785.JPEG,6.8875,4.752,1.689,71,5,4
n01440764_12817.JPEG,10.142,8.368,5.25425,74,3,3
n01440764_1284.JPEG,6.4385,2.845,1.15575,70,6,4
n01440764_12848.JPEG,8.1105,3.2705,0.775,58,17,5
n01440764_12881.JPEG,10.78075,8.295,6.06875,75,3,2
n01440764_12889.JPEG,8.527,5.1555,3.112,67,7,6
n01440764_12898.JPEG,6.86425,3.191,1.21625,67,9,4
n01440764_12917.JPEG,8.631,5.014,2.82175,74,4,2
n01440764_12925.JPEG,4.33925,2.933,1.087,59,9,12
n01440764_12950.JPEG,5.418,2.021,0.72325,65,9,6
n01440764_12957.JPEG,6.03025,3.0885,1.20175,70,6,4
n01440764_12971.JPEG,1.35825,0.901,0.423,20,16,44
n01440764_12972.JPEG,5.81275,2.8965,1.357,68,6,6
n01440764_12996.JPEG,6.384,3.8245,1.9385,68,6,6
n01440764_13009.JPEG,8.68075,7.2185,3.95275,72,4,4
n01440764_1302.JPEG,5.257,2.391,0.70775,59,17,4
n01440764_13035.JPEG,10.154,7.17,4.48325,70,5,5
n01440764_13051.JPEG,5.93125,2.2095,0.6995,59,16,5
n01440764_13059.JPEG,2.93825,0.748,0.422,70,4,6
n01440764_13068.JPEG,7.6425,4.466,2.0085,77,2,1
n01440764_1310.JPEG,1.862,0.5345,0.3085,45,16,19
n01440764_13116.JPEG,7.2415,4.0245,1.68825,70,5,5
n01440764_13122.JPEG,2.027,1.022,0.5735,50,5,25
n01440764_1313.JPEG,6.19125,4.442,2.37625,70,6,4
n01440764_13133.JPEG,7.06575,4.2895,1.71775,72,6,2
n01440764_13138.JPEG,6.0895,0.949,0.3165,61,15,4
n01440764_13144.JPEG,6.40325,3.748,1.59075,73,5,2
n01440764_13161.JPEG,8.40175,4.9765,2.13625,73,4,3
n01440764_13183.JPEG,7.82225,4.773,3.70475,74,4,2
n01440764_13208.JPEG,5.38775,2.271,1.07475,64,5,11
n01440764_13251.JPEG,10.0335,7.8805,4.12275,73,5,2
n01440764_13255.JPEG,6.08325,2.472,0.88625,61,12,7
n01440764_13257.JPEG,6.5485,2.2515,0.81025,66,8,6
n01440764_13274.JPEG,3.77375,0.4595,0.2335,52,18,10
n01440764_13275.JPEG,5.495,2.348,0.86025,64,7,9
n01440764_13304.JPEG,7.435,5.7675,4.155,77,0,3
n01440764_13316.JPEG,7.612,5.6365,3.09725,68,4,8
n01440764_13344.JPEG,7.0485,2.9705,0.61375,62,11,7
n01440764_1336.JPEG,6.24175,2.7685,0.97125,63,8,9
n01440764_13360.JPEG,2.7035,1.7215,1.241,45,7,28
n01440764_13363.JPEG,5.632,1.661,0.74825,71,6,3
n01440764_13368.JPEG,0.7335,0.371,0.17475,17,58,5
n01440764_1337.JPEG,1.4705,0.9645,0.6615,27,5,48
n01440764_13375.JPEG,11.47825,10.186,7.61675,76,3,1
n01440764_13397.JPEG,7.85425,4.571,2.55375,73,5,2
n01440764_13415.JPEG,6.5895,2.718,1.13125,62,14,4
n01440764_13436.JPEG,7.22825,3.946,2.455,75,4,1
n01440764_13452.JPEG,5.491,1.4695,0.53225,62,15,3
n01440764_13464.JPEG,6.30975,4.8625,3.244,75,2,3
n01440764_13468.JPEG,6.1525,1.4145,0.5105,67,10,3
n01440764_13489.JPEG,8.1535,4.2695,2.4875,72,5,3
n01440764_13495.JPEG,8.46025,6.269,3.15875,74,3,3
n01440764_13545.JPEG,8.908,6.263,3.527,74,3,3
n01440764_13575.JPEG,7.198,5.5225,2.9,72,5,3
n01440764_13581.JPEG,4.31925,2.488,1.39,72,3,5
n01440764_13602.JPEG,3.792,1.5495,0.573,52,12,16
n01440764_13625.JPEG,6.71475,4.839,2.73975,69,5,6
n01440764_13643.JPEG,7.638,5.3575,2.11225,69,7,4
n01440764_13654.JPEG,9.44525,7.5285,4.06975,72,6,2
n01440764_13679.JPEG,8.20725,5.076,2.641,73,6,1
n01440764_13694.JPEG,8.05675,5.131,2.90225,76,3,1
n01440764_137.JPEG,6.71775,4.1235,2.39275,68,4,8
n01440764_13702.JPEG,6.251,3.264,1.4045,72,6,2
n01440764_13739.JPEG,3.79125,1.5145,0.6585,54,21,5
n01440764_13744.JPEG,6.53125,1.691,0.82225,71,6,3
n01440764_13749.JPEG,5.41625,3.1605,1.37925,62,6,12
n01440764_13751.JPEG,10.99725,9.0855,7.276,76,2,2
n01440764_13757.JPEG,4.3725,2.9355,1.41975,71,6,3
n01440764_13766.JPEG,6.359,2.631,1.24425,59,16,5
n01440764_13770.JPEG,8.17125,5.3565,3.107,75,4,1
n01440764_1379.JPEG,2.13625,1.233,0.7125,36,36,8
n01440764_13797.JPEG,9.3275,7.245,5.50975,71,8,1
n01440764_13801.JPEG,10.161,7.755,5.3925,75,4,1
n01440764_13806.JPEG,7.352,3.722,2.06225,71,5,4
n01440764_13821.JPEG,5.8635,2.939,1.2405,60,13,7
n01440764_13828.JPEG,6.24775,4.1385,2.1425,72,4,4
n01440764_1383.JPEG,6.84525,2.0525,0.9705,66,8,6
n01440764_13842.JPEG,8.7435,6.8875,3.9505,72,6,2
n01440764_13855.JPEG,6.3035,4.3225,2.9315,72,4,4
n01440764_13860.JPEG,6.22,2.683,1.10525,78,1,1
n01440764_13895.JPEG,9.062,7.236,4.04575,71,3,6
n01440764_13905.JPEG,8.18725,6.5685,3.2975,72,5,3
n01440764_13935.JPEG,5.351,2.0045,0.91725,58,13,9
n01440764_13947.JPEG,7.014,4.2915,1.7775,63,9,8
n01440764_13956.JPEG,5.5275,2.196,1.16075,38,24,18
n01440764_13966.JPEG,6.378,2.364,0.64875,59,17,4
n01440764_13974.JPEG,6.6045,2.8255,1.0245,68,8,4
n01440764_13978.JPEG,10.841,8.2735,6.16725,77,2,1
n01440764_13989.JPEG,6.352,3.735,1.221,71,6,3
n01440764_13993.JPEG,3.21275,1.5975,0.97625,0,32,48
n01440764_14005.JPEG,6.3885,4.9765,2.709,73,3,4
n01440764_14025.JPEG,7.7465,3.5895,1.93625,73,4,3
n01440764_14027.JPEG,6.3985,4.632,2.8465,72,4,4
n01440764_14034.JPEG,8.294,6.517,4.037,75,4,1
n01440764_14053.JPEG,7.00675,3.8275,1.801,75,1,4
n01440764_14074.JPEG,11.31025,9.4495,7.40975,74,1,5
n01440764_14098.JPEG,8.23025,5.7795,3.02275,71,6,3
n01440764_141.JPEG,4.90575,0.21,0.1295,39,27,14
n01440764_14150.JPEG,7.55825,4.1865,1.391,69,8,3
n01440764_14162.JPEG,4.22075,1.8305,0.965,70,6,4
n01440764_14169.JPEG,11.472,9.762,8.025,77,1,2
n01440764_14172.JPEG,8.3955,5.283,2.98825,76,4,0
n01440764_14176.JPEG,5.3675,0.9935,0.5445,68,6,6
n01440764_14190.JPEG,1.48575,0.8445,0.5775,0,51,29
n01440764_14232.JPEG,6.951,4.159,2.18875,71,3,6
n01440764_14233.JPEG,7.94825,5.906,3.57975,69,6,5
n01440764_14249.JPEG,8.0645,2.999,0.76925,62,9,9
n01440764_14274.JPEG,3.99975,1.8045,0.38375,56,16,8
n01440764_14280.JPEG,9.471,5.851,3.05275,74,3,3
n01440764_14286.JPEG,6.729,3.456,1.68275,62,11,7
n01440764_14294.JPEG,5.21625,3.143,1.63225,71,4,5
n01440764_14310.JPEG,6.7285,4.02,1.71725,71,4,5
n01440764_14339.JPEG,1.8705,0.3685,0.1705,40,31,9
n01440764_14341.JPEG,7.65525,2.7495,1.01225,72,4,4
n01440764_14342.JPEG,7.25675,4.446,2.0135,69,8,3
n01440764_14383.JPEG,7.92925,5.466,3.16225,74,3,3
n01440764_14402.JPEG,8.17225,4.1515,0.7185,60,16,4
n01440764_14405.JPEG,6.69275,2.7745,0.75125,60,17,3
n01440764_14411.JPEG,8.468,5.0555,3.73325,75,3,2
n01440764_14435.JPEG,9.797,8.155,5.43575,77,1,2
n01440764_14448.JPEG,8.134,4.2055,3.2015,75,3,2
n01440764_14489.JPEG,6.917,2.8995,0.94575,57,13,10
n01440764_14490.JPEG,9.331,6.7945,4.6745,73,5,2
n01440764_14506.JPEG,3.52925,1.295,0.82025,62,9,9
n01440764_14524.JPEG,7.31125,2.2565,1.067,73,4,3
n01440764_14530.JPEG,6.8595,3.769,2.132,42,21,17
n01440764_14549.JPEG,1.48625,0.931,0.4845,26,26,28
n01440764_14555.JPEG,4.7975,0.4575,0.25575,46,23,11
n01440764_14559.JPEG,7.90725,4.088,2.43625,74,3,3
n01440764_14609.JPEG,8.77375,5.655,4.08025,75,5,0
n01440764_14624.JPEG,6.6645,2.974,1.1685,70,6,4
n01440764_14633.JPEG,7.26425,4.147,1.67,71,5,4
n01440764_14634.JPEG,3.64975,1.0625,0.4995,54,20,6
n01440764_14639.JPEG,5.96375,2.489,0.926,61,18,1
n01440764_14650.JPEG,7.597,3.743,1.867,69,4,7
n01440764_14685.JPEG,6.63775,3.3075,1.35525,72,3,5
n01440764_1469.JPEG,6.77,4.0245,1.042,61,16,3
n01440764_14731.JPEG,6.8335,2.801,0.908,62,12,6
n01440764_14771.JPEG,7.1165,4.5175,2.39775,75,2,3
n01440764_14779.JPEG,7.63525,3.7915,1.25075,57,20,3
n01440764_1478.JPEG,7.84225,5.102,3.42725,74,3,3
n01440764_14790.JPEG,7.3075,2.789,0.842,71,6,3
n01440764_148.JPEG,0.97025,0.325,0.14075,25,47,8
n01440764_14802.JPEG,6.82325,3.637,1.38125,70,7,3
n01440764_14855.JPEG,8.1715,3.4075,1.83875,76,1,3
n01440764_14885.JPEG,6.76725,3.3455,1.5115,71,6,3
n01440764_14891.JPEG,6.9825,4.4855,3.37325,71,5,4
n01440764_14893.JPEG,6.01225,1.488,0.63475,70,5,5
n01440764_14907.JPEG,8.335,3.819,1.54,66,6,8
n01440764_15008.JPEG,8.1785,5.8975,3.306,78,1,1
n01440764_15049.JPEG,4.36125,1.4015,0.6665,72,4,4
n01440764_15071.JPEG,6.47075,2.68,1.452,65,13,2
n01440764_15073.JPEG,1.2725,0.8,0.404,12,55,13
n01440764_15081.JPEG,7.23175,4.0235,2.92425,74,5,1
n01440764_1514.JPEG,7.04775,5.6945,2.726,70,2,8
n01440764_15203.JPEG,8.01975,5.1515,2.5115,69,5,6
n01440764_1537.JPEG,5.1675,2.795,1.07925,50,21,9
n01440764_15453.JPEG,4.55125,2.0635,0.8875,61,8,11
n01440764_1552.JPEG,8.062,4.564,2.554,70,6,4
n01440764_15560.JPEG,1.80575,1.056,0.45875,33,37,10
n01440764_1559.JPEG,4.87275,2.3375,1.1605,70,4,6
n01440764_1561.JPEG,6.70175,2.6415,1.21925,71,5,4
n01440764_1564.JPEG,1.95775,1.038,0.8445,28,22,30
n01440764_1566.JPEG,4.919,2.169,0.93,57,10,13
n01440764_15678.JPEG,8.072,6.1015,3.5755,67,9,4
n01440764_1577.JPEG,6.988,3.1985,0.858,73,4,3
n01440764_16051.JPEG,8.1075,4.1385,1.77,67,9,4
n01440764_16072.JPEG,8.91025,6.8355,3.93225,74,2,4
n01440764_1608.JPEG,7.5375,4.252,1.44675,66,11,3
n01440764_16090.JPEG,7.98075,4.2125,2.46475,75,4,1
n01440764_16192.JPEG,7.66875,4.594,1.75175,67,6,7
n01440764_16220.JPEG,4.5175,3.4575,1.5835,70,5,5
n01440764_16348.JPEG,8.594,4.952,3.1505,76,2,2
n01440764_1656.JPEG,6.16875,2.542,0.998,64,9,7
n01440764_1657.JPEG,4.55725,1.736,0.88375,51,10,19
n01440764_1666.JPEG,6.2115,3.6035,1.14725,68,6,6
n01440764_16857.JPEG,5.16425,2.8565,1.59825,72,4,4
n01440764_16906.JPEG,8.27625,5.3515,3.14575,70,6,4
n01440764_16957.JPEG,5.30625,2.488,0.608,60,15,5
n01440764_16969.JPEG,2.46375,0.958,0.46975,41,22,17
n01440764_16982.JPEG,6.137,2.1035,0.9285,62,10,8
n01440764_1703.JPEG,3.865,2.225,0.955,52,20,8
n01440764_17050.JPEG,9.2555,6.9115,1.79775,70,8,2
n01440764_17058.JPEG,7.57,4.634,2.287,70,5,5
n01440764_1713.JPEG,6.323,2.8525,0.795,63,13,4
n01440764_17174.JPEG,10.52425,8.339,4.81575,67,9,4
n01440764_172.JPEG,4.23175,2.69,1.1855,60,4,16
n01440764_1735.JPEG,8.0755,4.713,1.74975,63,13,4
n01440764_17454.JPEG,7.96775,5.027,2.1015,74,5,1
n01440764_17501.JPEG,7.8155,5.303,2.95175,68,7,5
n01440764_17514.JPEG,7.4065,4.7285,2.16325,66,8,6
n01440764_1764.JPEG,6.19775,3.2015,1.78625,71,5,4
n01440764_1766.JPEG,3.55425,0.9835,0.502,47,26,7
n01440764_1770.JPEG,6.5255,3.112,0.9125,65,12,3
n01440764_1775.JPEG,7.7875,4.407,1.533,64,10,6
n01440764_1778.JPEG,7.21225,4.0245,1.889,73,4,3
n01440764_17782.JPEG,8.1095,4.7145,2.69275,75,5,0
n01440764_17789.JPEG,6.111,3.444,1.4405,73,5,2
n01440764_17896.JPEG,8.64475,4.937,2.30475,67,7,6
n01440764_17921.JPEG,4.96475,2.495,0.8655,66,11,3
n01440764_17927.JPEG,8.36625,5.698,2.12725,65,7,8
n01440764_1793.JPEG,8.7645,5.525,2.744,66,7,7
n01440764_1798.JPEG,4.38275,0.905,0.38725,53,8,19
n01440764_18.JPEG,7.625,5.1185,2.8555,76,4,0
n01440764_18128.JPEG,8.121,5.762,4.117,76,4,0
n01440764_18220.JPEG,2.95725,1.5575,0.90875,21,33,26
n01440764_1827.JPEG,8.81575,5.018,2.25875,70,8,2
n01440764_18592.JPEG,5.9705,3.11,0.877,68,8,4
n01440764_1869.JPEG,5.85675,4.153,2.75825,1,17,62
n01440764_188.JPEG,6.52275,4.0975,1.6425,67,5,8
n01440764_190.JPEG,4.075,1.5565,0.78175,16,50,14
n01440764_19003.JPEG,6.53425,3.292,1.996,73,2,5
n01440764_19005.JPEG,6.515,4.2225,2.094,74,3,3
n01440764_19035.JPEG,8.867,5.8185,3.746,75,3,2
n01440764_1905.JPEG,4.9455,3.293,0.72625,67,4,9
n01440764_19119.JPEG,4.53225,2.668,0.82375,61,10,9
n01440764_19197.JPEG,6.625,3.904,1.4455,67,5,8
n01440764_192.JPEG,5.12525,2.782,1.33675,66,5,9
n01440764_19219.JPEG,4.84575,2.539,0.62125,69,7,4
n01440764_19302.JPEG,6.93875,3.752,1.391,69,8,3
n01440764_19403.JPEG,6.8395,3.8615,1.0315,61,13,6
n01440764_1951.JPEG,0.9435,0.5075,0.318,24,36,20
n01440764_19661.JPEG,8.5295,5.214,2.61575,69,7,4
n01440764_1973.JPEG,2.504,0.4625,0.3265,27,34,19
n01440764_19759.JPEG,9.51475,6.003,3.0855,72,5,3
n01440764_19777.JPEG,7.6955,4.1125,1.9445,68,6,6
n01440764_1980.JPEG,5.55775,1.9435,0.467,50,23,7
n01440764_19807.JPEG,8.474,5.8865,2.53025,63,8,9
n01440764_19938.JPEG,1.91575,1.149,0.66175,25,22,33
n01440764_1995.JPEG,7.77275,5.7155,1.906,67,7,6
n01440764_200.JPEG,5.1185,2.947,0.824,67,8,5
n01440764_2001.JPEG,8.67675,5.9305,4.0145,73,4,3
n01440764_2002.JPEG,6.9475,3.5285,0.88075,56,19,5
n01440764_2006.JPEG,1.70975,0.596,0.3315,39,30,11
n01440764_2015.JPEG,7.24375,4.7825,1.85225,66,6,8
n01440764_2018.JPEG,9.07775,5.007,2.883,65,12,3
n01440764_20299.JPEG,7.24475,3.1015,1.0675,63,12,5
n01440764_20316.JPEG,7.9395,5.1935,1.67825,66,7,7
n01440764_2043.JPEG,5.74175,3.466,1.55675,71,6,3
n01440764_20434.JPEG,7.4435,4.251,2.6495,75,5,0
n01440764_20451.JPEG,8.607,6.3595,2.54375,71,7,2
n01440764_20523.JPEG,6.2125,3.1365,1.28575,70,6,4
n01440764_20592.JPEG,10.55425,8.7345,4.9555,63,12,5
n01440764_20650.JPEG,6.9215,4.597,1.88175,70,6,4
n01440764_20915.JPEG,8.56625,5.8065,1.51675,64,10,6
n01440764_20922.JPEG,4.99325,2.8165,0.87525,69,7,4
n01440764_2094.JPEG,5.6175,3.4975,1.6535,69,5,6
n01440764_2095.JPEG,5.17075,2.013,0.80275,66,6,8
n01440764_2098.JPEG,7.32775,3.768,1.06175,65,14,1
n01440764_21005.JPEG,4.214,1.72,0.674,49,22,9
n01440764_2102.JPEG,3.4775,1.103,0.451,53,18,9
n01440764_21043.JPEG,9.15275,6.0525,2.343,74,4,2
n01440764_21052.JPEG,4.12075,2.1795,0.73425,51,21,8
n01440764_21095.JPEG,8.04925,4.9785,3.53,73,4,3
n01440764_21161.JPEG,4.585,1.6125,0.675,57,16,7
n01440764_2117.JPEG,7.93275,2.73,1.37175,73,4,3
n01440764_2118.JPEG,4.2595,2.36,1.422,60,12,8
n01440764_21191.JPEG,6.9545,3.7445,1.57425,68,6,6
n01440764_2121.JPEG,6.51375,1.7065,0.68275,57,17,6
n01440764_2144.JPEG,7.66675,4.4655,2.18875,70,9,1
n01440764_2159.JPEG,5.76075,4.103,0.922,60,16,4
n01440764_21603.JPEG,7.87075,5.139,3.55225,74,5,1
n01440764_2162.JPEG,4.3485,1.97,0.6905,57,12,11
n01440764_21695.JPEG,5.147,2.378,0.71125,61,13,6
n01440764_21790.JPEG,6.951,4.4025,1.17625,62,14,4
n01440764_21809.JPEG,7.41325,4.3665,2.3285,73,5,2
n01440764_21955.JPEG,8.35525,6.183,3.57175,66,6,8
n01440764_2196.JPEG,6.82475,2.3275,0.85225,50,24,6
n01440764_22029.JPEG,6.79,3.992,2.0875,71,5,4
n01440764_22135.JPEG,8.271,6.0215,3.82425,74,6,0
n01440764_2221.JPEG,9.0145,6.3305,3.58125,76,2,2
n01440764_22277.JPEG,8.33475,4.566,2.69725,73,5,2
n01440764_2255.JPEG,8.8975,5.4535,3.515,73,4,3
n01440764_22706.JPEG,3.277,0.829,0.40075,42,30,8
n01440764_2271.JPEG,5.75525,2.9395,1.05725,63,15,2
n01440764_2275.JPEG,8.4245,5.738,3.79225,75,3,2
n01440764_22773.JPEG,5.28875,2.1275,0.658,58,17,5
n01440764_22873.JPEG,7.817,4.8955,3.91475,76,3,1
n01440764_2290.JPEG,5.25475,1.251,0.4975,64,6,10
n01440764_22948.JPEG,7.898,4.3445,2.79725,68,8,4
n01440764_22963.JPEG,7.60325,3.256,1.337,64,7,9
n01440764_2298.JPEG,4.1575,1.7435,0.848,60,5,15
n01440764_23111.JPEG,2.264,0.883,0.5015,44,19,17
n01440764_2314.JPEG,7.67325,5.256,2.52975,68,9,3
n01440764_23259.JPEG,6.1435,3.5025,0.8395,57,12,11
n01440764_23379.JPEG,5.19625,3.068,1.2095,67,7,6
n01440764_23447.JPEG,6.1625,3.665,1.69925,69,4,7
n01440764_23493.JPEG,4.49025,2.361,1.184,50,21,9
n01440764_23606.JPEG,7.89125,5.447,2.539,75,5,0
n01440764_23629.JPEG,5.0815,2.5845,0.78375,62,14,4
n01440764_23646.JPEG,5.01275,2.6285,0.9085,63,10,7
n01440764_2369.JPEG,4.41125,0.3975,0.1535,40,29,11
n01440764_237.JPEG,1.86225,1.051,0.49,46,23,11
n01440764_2375.JPEG,8.442,4.364,2.5455,74,3,3
n01440764_2385.JPEG,0.782,0.358,0.1965,6,64,10
n01440764_239.JPEG,8.18775,6.575,3.56175,70,4,6
n01440764_24047.JPEG,6.93825,3.6545,1.3075,66,7,7
n01440764_2418.JPEG,7.91375,4.2145,2.92025,74,3,3
n01440764_2427.JPEG,3.6115,1.605,0.9955,48,7,25
n01440764_24299.JPEG,7.82675,4.4055,2.5365,76,1,3
n01440764_2433.JPEG,6.17675,2.9055,0.903,60,16,4
n01440764_24502.JPEG,7.1285,4.9865,2.407,70,7,3
n01440764_2465.JPEG,3.6475,1.751,0.9235,69,4,7
n01440764_24828.JPEG,6.8415,4.6895,1.33375,63,10,7
n01440764_2490.JPEG,7.8355,5.373,2.51675,71,7,2
n01440764_25064.JPEG,8.99225,5.734,3.68275,75,4,1
n01440764_25090.JPEG,2.6755,1.5685,0.95325,26,28,26
n01440764_25148.JPEG,8.5095,4.6425,2.40825,73,5,2
n01440764_25361.JPEG,6.76875,4.7585,1.3385,65,7,8
n01440764_25370.JPEG,5.90675,4.4075,1.22175,62,7,11
n01440764_2544.JPEG,7.5595,3.587,1.548,70,7,3
n01440764_2546.JPEG,3.342,1.082,0.49775,41,30,9
n01440764_25478.JPEG,7.4685,4.3315,1.82525,71,6,3
n01440764_2563.JPEG,8.63175,4.7245,2.394,68,5,7
n01440764_2574.JPEG,7.948,5.7085,3.22025,75,5,0
n01440764_2575.JPEG,4.21475,2.753,1.217,67,4,9
n01440764_2577.JPEG,7.28325,3.9065,1.934,72,5,3
n01440764_26006.JPEG,4.99825,1.9135,0.6985,58,13,9
n01440764_261.JPEG,6.07825,4.545,2.64275,75,1,4
n01440764_26234.JPEG,7.79225,4.6795,3.152,77,1,2
n01440764_26257.JPEG,6.65175,3.7145,1.84375,70,6,4
n01440764_2627.JPEG,6.44825,3.078,1.0145,36,27,17
n01440764_2628.JPEG,7.317,3.95,1.031,59,12,9
n01440764_26320.JPEG,6.04,3.6195,1.37475,71,6,3
n01440764_2633.JPEG,9.41325,5.5735,2.15275,62,10,8
n01440764_2636.JPEG,5.366,1.3925,0.4835,62,9,9
n01440764_2646.JPEG,3.93775,1.0875,0.5555,60,18,2
n01440764_26515.JPEG,8.44375,6.65,4.5685,62,9,9
n01440764_26541.JPEG,8.5315,5.7385,3.4245,74,3,3
n01440764_26569.JPEG,6.75525,4.258,1.0185,55,18,7
n01440764_26631.JPEG,7.9455,4.449,2.42175,72,6,2
n01440764_26659.JPEG,8.87875,4.913,2.6475,73,5,2
n01440764_26698.JPEG,8.37925,5.4865,3.04725,73,3,4
n01440764_2675.JPEG,5.27525,2.237,1.03025,67,5,8
n01440764_26775.JPEG,6.43625,2.294,1.00075,67,5,8
n01440764_2679.JPEG,6.275,2.8465,0.80475,60,13,7
n01440764_2684.JPEG,6.34425,2.155,0.80225,68,7,5
n01440764_26892.JPEG,8.764,5.6455,3.153,73,5,2
n01440764_2690.JPEG,8.286,6.0625,3.813,76,1,3
n01440764_26948.JPEG,6.58825,3.3265,0.9595,68,5,7
n01440764_2699.JPEG,5.47825,2.7655,1.12825,66,6,8
n01440764_27042.JPEG,7.22075,5.2435,3.06125,75,2,3
n01440764_2708.JPEG,1.38425,0.34,0.17975,14,62,4
n01440764_27183.JPEG,4.29625,1.692,0.71075,36,36,8
n01440764_2729.JPEG,8.19875,3.6475,1.92025,75,4,1
n01440764_27339.JPEG,7.66,3.837,1.0065,56,20,4
n01440764_2742.JPEG,5.235,3.3085,1.77675,57,10,13
n01440764_27422.JPEG,6.3025,3.3705,1.19225,69,9,2
n01440764_27451.JPEG,7.28175,4.0265,1.644,71,6,3
n01440764_2751.JPEG,6.9445,3.464,1.39275,63,8,9
n01440764_27530.JPEG,3.03025,1.495,0.64675,44,30,6
n01440764_27713.JPEG,3.94275,1.513,0.82625,54,20,6
n01440764_27811.JPEG,3.60025,2.079,1.138,10,22,48
n01440764_27895.JPEG,7.16525,4.0575,1.73825,74,6,0
n01440764_2803.JPEG,3.8745,1.0385,0.52875,61,7,12
n01440764_2816.JPEG,4.69125,1.7635,0.803,51,9,20
n01440764_2823.JPEG,6.52125,3.474,0.7545,64,11,5
n01440764_2825.JPEG,8.2185,4.4085,2.7165,73,5,2
n01440764_28275.JPEG,6.228,3.3245,0.82975,64,9,7
n01440764_28293.JPEG,6.85625,4.314,1.9285,68,6,6
n01440764_2835.JPEG,2.47,0.6645,0.31675,53,23,4
n01440764_28394.JPEG,4.024,2.165,0.91725,58,17,5
n01440764_28418.JPEG,7.5225,4.5675,2.36375,64,8,8
n01440764_2853.JPEG,1.78375,0.9905,0.523,28,14,38
n01440764_2864.JPEG,7.7755,4.4995,1.848,67,8,5
n01440764_2866.JPEG,6.95225,4.4295,2.24575,70,7,3
n01440764_2874.JPEG,1.67775,0.6055,0.36175,49,16,15
n01440764_29057.JPEG,7.76325,3.046,0.7345,62,11,7
n01440764_2919.JPEG,3.078,0.812,0.4375,35,28,17
n01440764_292.JPEG,6.45775,3.4105,1.04575,58,17,5
n01440764_2920.JPEG,10.58675,8.279,5.823,72,6,2
n01440764_2921.JPEG,7.16025,5.1915,2.25475,73,5,2
n01440764_2923.JPEG,6.5935,4.783,2.3295,61,6,13
n01440764_2939.JPEG,6.81525,2.326,0.5845,68,9,3
n01440764_2945.JPEG,7.81775,4.723,1.503,57,16,7
n01440764_2948.JPEG,8.59775,5.148,3.3785,72,5,3
n01440764_29551.JPEG,8.2225,4.004,1.75225,72,7,1
n01440764_29670.JPEG,8.41925,6.885,4.969,72,5,3
n01440764_29681.JPEG,3.675,1.3065,0.68475,45,22,13
n01440764_297.JPEG,11.5075,6.2775,1.989,54,22,4
n01440764_29712.JPEG,3.35675,1.2865,0.677,49,20,11
n01440764_29731.JPEG,10.7525,8.639,4.84325,69,8,3
n01440764_29769.JPEG,5.78675,1.8405,0.65625,63,12,5
n01440764_2978.JPEG,6.26825,2.946,1.509,72,4,4
n01440764_29788.JPEG,7.54475,5.232,2.42925,72,5,3
n01440764_298.JPEG,7.73575,2.055,0.964,71,6,3
n01440764_2993.JPEG,6.63725,4.9205,2.3205,69,9,2
n01440764_30045.JPEG,7.791,4.205,1.572,75,5,0
n01440764_3011.JPEG,6.329,3.5885,1.72125,73,5,2
n01440764_30188.JPEG,1.9425,0.826,0.43525,40,28,12
n01440764_30331.JPEG,4.80525,3.0995,0.79625,59,16,5
n01440764_3039.JPEG,1.39875,0.762,0.56875,2,43,35
n01440764_3048.JPEG,5.054,1.8185,0.655,56,14,10
n01440764_3070.JPEG,7.35325,5.011,1.87475,73,6,1
n01440764_30782.JPEG,7.211,3.289,0.828,56,17,7
n01440764_30835.JPEG,4.445,2.944,1.34925,67,6,7
n01440764_30897.JPEG,8.43925,5.3055,3.17775,75,5,0
n01440764_3096.JPEG,1.43875,0.645,0.4225,20,46,14
n01440764_3098.JPEG,6.06275,3.1055,1.29625,71,5,4
n01440764_30985.JPEG,8.4505,6.0985,3.056,73,5,2
n01440764_31129.JPEG,8.49425,6.2365,3.64075,75,3,2
n01440764_31170.JPEG,5.70125,3.3535,1.81475,71,6,3
n01440764_31215.JPEG,5.3135,3.114,1.57675,72,3,5
n01440764_31283.JPEG,5.24875,3.574,1.86925,73,2,5
n01440764_3129.JPEG,5.10775,1.8825,0.674,64,6,10
n01440764_31293.JPEG,6.81175,2.6925,0.857,56,16,8
n01440764_31406.JPEG,7.91025,5.0495,2.19125,60,10,10
n01440764_3146.JPEG,9.14425,7.2025,4.186,74,4,2
n01440764_315.JPEG,7.7865,4.2665,1.464,67,7,6
n01440764_3151.JPEG,4.51975,0.522,0.277,63,12,5
n01440764_31518.JPEG,8.22025,4.6435,3.1245,75,3,2
n01440764_31535.JPEG,8.48225,5.964,3.1325,74,5,1
n01440764_31656.JPEG,6.32325,4.077,1.36525,71,5,4
n01440764_31679.JPEG,7.969,4.22,1.21875,62,9,9
n01440764_31715.JPEG,6.46975,2.895,1.09225,72,4,4
n01440764_3172.JPEG,6.839,3.6545,1.061,74,5,1
n01440764_3176.JPEG,7.993,2.107,0.669,62,13,5
n01440764_31953.JPEG,7.4835,4.0825,1.661,65,12,3
n01440764_3197.JPEG,8.32925,4.38,1.10775,62,15,3
n01440764_3198.JPEG,1.05475,0.548,0.24675,28,34,18
n01440764_3199.JPEG,8.96425,6.787,4.22425,76,3,1
n01440764_320.JPEG,7.00075,4.4825,1.49725,69,8,3
n01440764_3202.JPEG,10.5685,7.398,4.24875,63,15,2
n01440764_32134.JPEG,9.87925,8.1565,4.8515,74,6,0
n01440764_32263.JPEG,2.28875,0.6755,0.3955,43,29,8
n01440764_32328.JPEG,7.6675,4.7915,2.13125,67,8,5
n01440764_3236.JPEG,7.95425,3.8235,1.61075,72,4,4
n01440764_32420.JPEG,6.21725,3.794,1.06525,66,13,1
n01440764_3251.JPEG,4.841,1.624,0.99525,64,12,4
n01440764_3259.JPEG,7.12225,2.976,1.523,68,4,8
n01440764_3269.JPEG,5.12375,1.8125,1.1165,49,11,20
n01440764_3271.JPEG,5.94925,4.277,2.11275,70,2,8
n01440764_3273.JPEG,5.464,2.9375,1.5085,70,5,5
n01440764_3281.JPEG,6.22825,2.523,0.60675,60,9,11
n01440764_3287.JPEG,6.812,4.2695,2.721,75,3,2
n01440764_3289.JPEG,2.6535,1.3495,0.58575,51,14,15
n01440764_3306.JPEG,7.038,4.1385,2.26725,70,5,5
n01440764_3308.JPEG,1.5815,1.084,0.77525,41,11,28
n01440764_3325.JPEG,4.0465,2.288,0.96,57,9,14
n01440764_334.JPEG,5.34275,0.7545,0.424,64,9,7
n01440764_3347.JPEG,5.2805,2.8395,0.57825,58,13,9
n01440764_3354.JPEG,5.49425,3.495,0.79275,63,10,7
n01440764_3365.JPEG,6.82075,2.9795,1.33125,73,6,1
n01440764_3368.JPEG,7.02575,3.248,0.9645,68,7,5
n01440764_3375.JPEG,7.82075,1.8345,0.72675,72,6,2
n01440764_3393.JPEG,4.11225,2.563,1.2585,66,10,4
n01440764_341.JPEG,7.879,6.3135,3.71325,75,2,3
n01440764_3417.JPEG,10.43375,7.855,5.06925,76,2,2
n01440764_3421.JPEG,2.9465,1.2935,0.49375,57,11,12
n01440764_3425.JPEG,8.28025,4.8715,2.77825,72,5,3
n01440764_3428.JPEG,5.12325,1.8295,0.591,64,6,10
n01440764_3432.JPEG,3.1815,1.6525,1.10775,68,4,8
n01440764_345.JPEG,5.82975,2.5465,0.856,64,6,10
n01440764_3496.JPEG,7.661,3.8255,1.62375,64,9,7
n01440764_3509.JPEG,8.69625,6.36,3.7205,76,3,1
n01440764_3546.JPEG,3.3685,1.5745,0.5555,50,11,19
n01440764_3560.JPEG,7.019,3.395,0.978,66,6,8
n01440764_3566.JPEG,7.25775,3.994,1.683,73,5,2
n01440764_36.JPEG,7.89925,5.898,2.2135,66,8,6
n01440764_3603.JPEG,9.28575,6.453,3.42775,74,4,2
n01440764_3614.JPEG,8.4015,4.7835,1.89675,70,8,2
n01440764_3648.JPEG,7.41525,4.6575,2.3065,68,6,6
n01440764_37.JPEG,6.1485,1.891,0.81325,69,5,6
n01440764_3712.JPEG,5.65225,3.351,1.05025,70,8,2
n01440764_3713.JPEG,6.86375,2.5955,1.6325,73,5,2
n01440764_3724.JPEG,1.315,0.2925,0.14125,20,50,10
n01440764_3725.JPEG,7.9625,4.905,2.99825,75,5,0
n01440764_3756.JPEG,6.97225,3.8685,1.952,69,8,3
n01440764_3760.JPEG,8.62975,5.9375,3.54975,77,3,0
n01440764_3761.JPEG,6.531,4.5035,2.44775,77,1,2
n01440764_3778.JPEG,8.1485,3.9725,1.6545,68,7,5
n01440764_3779.JPEG,8.2095,3.907,2.31025,74,4,2
n01440764_3781.JPEG,7.1125,3.1385,0.9605,63,13,4
n01440764_3782.JPEG,4.96625,3.3675,1.65925,71,3,6
n01440764_3815.JPEG,7.54225,3.464,2.04225,72,5,3
n01440764_3817.JPEG,6.31425,4.118,1.9485,71,3,6
n01440764_3849.JPEG,5.54425,1.459,0.6055,70,4,6
n01440764_3858.JPEG,2.56675,1.177,0.5475,45,27,8
n01440764_3867.JPEG,8.436,4.2165,2.72125,78,1,1
n01440764_3888.JPEG,4.7775,2.3005,1.4045,64,7,9
n01440764_39.JPEG,5.95525,3.763,2.209,71,4,5
n01440764_3937.JPEG,4.64175,2.106,0.87175,64,7,9
n01440764_3966.JPEG,7.78525,5.591,2.32425,65,8,7
n01440764_3969.JPEG,11.37775,8.2845,3.3375,60,16,4
n01440764_3997.JPEG,8.05,4.948,1.416,65,6,9
n01440764_4003.JPEG,2.04375,0.641,0.36125,58,7,15
n01440764_4005.JPEG,7.9415,3.807,2.35,71,7,2
n01440764_4058.JPEG,7.76725,4.252,1.51825,67,6,7
n01440764_4074.JPEG,1.8915,0.75,0.38575,36,33,11
n01440764_4106.JPEG,6.686,3.26,1.83975,71,2,7
n01440764_413.JPEG,5.55625,4.122,2.06375,70,4,6
n01440764_416.JPEG,9.13425,6.584,3.49075,74,4,2
n01440764_4167.JPEG,5.65725,2.523,0.55575,59,15,6
n01440764_421.JPEG,7.717,5.606,2.13,69,7,4
n01440764_4221.JPEG,4.1195,2.0045,1.09575,60,11,9
n01440764_4245.JPEG,5.8625,2.9065,0.44925,57,14,9
n01440764_4260.JPEG,8.1695,3.8595,1.28175,65,5,10
n01440764_4279.JPEG,7.74425,4.691,2.28625,66,10,4
n01440764_4341.JPEG,7.883,5.537,3.227,73,5,2
n01440764_4360.JPEG,4.0725,1.463,0.584,59,6,15
n01440764_4377.JPEG,6.74475,3.5685,1.7775,55,20,5
n01440764_438.JPEG,8.2835,4.8455,2.8275,74,5,1
n01440764_4397.JPEG,1.5195,0.745,0.391,49,14,17
n01440764_44.JPEG,7.1085,4.4535,2.2945,66,13,1
n01440764_4409.JPEG,7.88025,5.669,3.47475,73,4,3
n01440764_4436.JPEG,4.996,1.3945,0.505,58,14,8
n01440764_4448.JPEG,2.616,1.0275,0.469,49,24,7
n01440764_4478.JPEG,5.1415,1.025,0.51725,67,7,6
n01440764_449.JPEG,4.16575,1.4165,0.80075,52,14,14
n01440764_4490.JPEG,5.56225,1.6405,0.455,54,15,11
n01440764_4506.JPEG,4.1785,2.412,0.9825,55,16,9
n01440764_451.JPEG,5.466,3.0485,1.29325,63,6,11
n01440764_4510.JPEG,7.5235,2.969,1.48675,74,5,1
n01440764_4512.JPEG,6.82675,2.892,0.89125,67,7,6
n01440764_4517.JPEG,8.933,6.436,4.03625,75,4,1
n01440764_4540.JPEG,7.20725,4.095,1.304,66,6,8
n01440764_4557.JPEG,6.268,4.1705,1.04625,58,13,9
n01440764_4562.JPEG,6.575,4.3855,2.08175,74,5,1
n01440764_4565.JPEG,7.7125,5.221,2.7705,74,3,3
n01440764_4566.JPEG,10.22225,7.6,4.62125,74,4,2
n01440764_457.JPEG,7.66175,5.569,3.4665,75,4,1
n01440764_458.JPEG,5.59025,3.4715,1.5775,62,8,10
n01440764_459.JPEG,8.87775,4.949,2.78075,72,4,4
n01440764_4597.JPEG,0.703,0.517,0.30775,3,67,10
n01440764_4611.JPEG,6.934,3.778,1.915,72,5,3
n01440764_4613.JPEG,7.01625,3.0455,1.2835,57,14,9
n01440764_4616.JPEG,7.13925,2.8055,1.05675,62,15,3
n01440764_4669.JPEG,5.3505,3.128,1.2065,69,5,6
n01440764_467.JPEG,4.91675,2.308,0.909,59,16,5
n01440764_4681.JPEG,7.824,5.4255,1.3645,67,8,5
n01440764_4688.JPEG,1.577,0.8765,0.5765,4,12,64
n01440764_4726.JPEG,3.195,1.2425,0.756,40,30,10
n01440764_4737.JPEG,8.20125,3.946,2.35725,76,2,2
n01440764_4744.JPEG,8.3605,5.1575,2.70275,75,3,2
n01440764_4804.JPEG,1.9915,0.855,0.4875,0,51,29
n01440764_485.JPEG,7.386,4.1175,2.329,74,4,2
n01440764_4852.JPEG,3.8745,1.4545,0.5485,50,21,9
n01440764_490.JPEG,8.218,4.114,1.119,61,13,6
n01440764_4903.JPEG,7.66025,4.168,1.57025,60,16,4
n01440764_4906.JPEG,7.965,5.998,3.564,74,4,2
n01440764_4913.JPEG,7.6225,3.553,1.259,58,14,8
n01440764_4934.JPEG,6.459,3.187,1.90425,74,5,1
n01440764_4937.JPEG,4.9925,2.6865,1.3465,58,17,5
n01440764_4942.JPEG,5.79975,3.937,2.60725,76,0,4
n01440764_4962.JPEG,1.60425,0.713,0.49325,29,42,9
n01440764_4965.JPEG,1.19225,0.558,0.32225,48,21,11
n01440764_4979.JPEG,7.286,4.087,2.07825,73,4,3
n01440764_4980.JPEG,11.2165,8.526,6.47475,76,1,3
n01440764_4983.JPEG,4.83575,2.8595,0.828,65,11,4
n01440764_4988.JPEG,2.058,1.0545,0.60825,44,16,20
n01440764_5003.JPEG,8.617,5.0505,2.697,75,4,1
n01440764_5043.JPEG,5.71125,3.141,0.75675,53,18,9
n01440764_505.JPEG,8.3495,4.7325,2.5225,74,4,2
n01440764_5066.JPEG,7.72025,4.9475,2.3075,69,6,5
n01440764_5068.JPEG,10.53075,8.1225,6.103,74,5,1
n01440764_5081.JPEG,1.7945,0.632,0.36225,45,8,27
n01440764_5087.JPEG,8.4605,5.8725,4.72575,75,2,3
n01440764_5089.JPEG,7.0235,4.5295,2.66825,69,6,5
n01440764_5091.JPEG,5.40475,2.451,0.9115,64,7,9
n01440764_5103.JPEG,7.236,2.3225,1.2905,70,6,4
n01440764_5108.JPEG,6.7445,4.308,1.8445,64,8,8
n01440764_5112.JPEG,3.79975,1.8855,0.8905,21,54,5
n01440764_5133.JPEG,7.82575,5.792,3.3605,70,6,4
n01440764_5148.JPEG,6.30475,3.259,0.783,61,18,1
n01440764_5154.JPEG,7.423,3.673,1.241,70,6,4
n01440764_5163.JPEG,6.92375,4.437,3.03375,0,9,71
n01440764_5173.JPEG,2.631,1.673,1.02625,59,6,15
n01440764_5176.JPEG,7.37625,5.09,1.9675,63,13,4
n01440764_519.JPEG,7.989,4.694,2.4075,70,6,4
n01440764_5203.JPEG,5.813,3.2255,1.03375,65,8,7
n01440764_5209.JPEG,7.84825,4.547,2.97675,72,6,2
n01440764_5213.JPEG,7.2645,5.537,2.53575,69,8,3
n01440764_522.JPEG,6.2065,3.18,0.97375,61,17,2
n01440764_5225.JPEG,8.9245,6.4355,2.65275,72,6,2
n01440764_5232.JPEG,8.2615,5.693,3.55825,75,3,2
n01440764_5239.JPEG,6.07775,3.1145,1.37075,67,7,6
n01440764_5256.JPEG,8.82475,4.1475,2.31125,76,3,1
n01440764_5286.JPEG,6.83425,3.171,1.08525,67,7,6
n01440764_529.JPEG,5.95775,3.673,1.73525,74,4,2
n01440764_5295.JPEG,8.268,4.5225,1.7615,72,6,2
n01440764_5314.JPEG,7.8125,4.0045,1.88875,76,4,0
n01440764_5339.JPEG,8.411,4.8605,2.12125,69,5,6
n01440764_5345.JPEG,7.448,4.1855,1.799,68,6,6
n01440764_5361.JPEG,7.18575,4.1655,1.69625,72,4,4
n01440764_5364.JPEG,5.21375,2.249,0.767,65,10,5
n01440764_5366.JPEG,6.048,1.46,0.6705,67,9,4
n01440764_5376.JPEG,6.93825,3.554,1.57925,73,5,2
n01440764_5410.JPEG,2.8525,1.197,0.4405,58,15,7
n01440764_5428.JPEG,7.205,2.8475,1.32325,74,5,1
n01440764_5432.JPEG,0.92575,0.4765,0.24675,30,34,16
n01440764_5456.JPEG,7.8335,4.3165,1.16175,59,15,6
n01440764_547.JPEG,5.26975,1.767,0.74475,61,8,11
n01440764_5477.JPEG,4.45825,1.4975,0.68725,62,8,10
n01440764_5481.JPEG,6.03075,2.423,0.7005,67,6,7
n01440764_5490.JPEG,3.19675,1.165,0.634,64,12,4
n01440764_5501.JPEG,8.35725,4.868,2.691,73,3,4
n01440764_5514.JPEG,5.18525,2.8085,1.76525,75,1,4
n01440764_5535.JPEG,3.8045,1.452,0.527,48,23,9
n01440764_5549.JPEG,3.8045,1.0135,0.452,54,19,7
n01440764_5579.JPEG,8.208,3.7165,1.42975,66,8,6
n01440764_5623.JPEG,5.518,2.9355,1.009,62,10,8
n01440764_5628.JPEG,4.54275,2.0725,0.602,55,14,11
n01440764_5633.JPEG,8.6275,5.016,2.256,71,5,4
n01440764_5634.JPEG,8.7555,6.5345,2.39575,70,6,4
n01440764_5636.JPEG,7.75075,3.959,1.341,62,14,4
n01440764_5638.JPEG,5.81775,2.68,1,68,10,2
n01440764_5642.JPEG,6.263,4.733,1.818,69,4,7
n01440764_5647.JPEG,6.6465,3.651,1.422,64,11,5
n01440764_5658.JPEG,7.81525,4.917,3.28325,74,2,4
n01440764_5668.JPEG,7.968,4.7455,1.73725,1,53,26
n01440764_5680.JPEG,3.95425,1.3935,0.37225,57,21,2
n01440764_5687.JPEG,7.00375,0.7065,0.308,61,10,9
n01440764_5690.JPEG,2.05225,1.164,0.6665,16,43,21
n01440764_5696.JPEG,4.72875,1.5395,0.44575,60,17,3
n01440764_5698.JPEG,11.08775,9.319,6.607,74,4,2
n01440764_5709.JPEG,4.0835,2.426,1.42275,68,3,9
n01440764_5731.JPEG,0.97375,0.4415,0.22,1,52,27
n01440764_574.JPEG,6.97125,3.204,1.4385,70,6,4
n01440764_575.JPEG,7.832,4.401,1.08425,65,10,5
n01440764_5763.JPEG,8.44025,5.027,1.577,65,13,2
n01440764_5776.JPEG,5.13675,3.4465,1.3165,66,4,10
n01440764_5781.JPEG,8.765,6.542,3.65175,74,4,2
n01440764_5785.JPEG,11.51225,7.9685,1.872,57,19,4
n01440764_5802.JPEG,2.273,0.2645,0.13425,48,21,11
n01440764_5848.JPEG,6.622,4.6295,1.203,59,9,12
n01440764_5861.JPEG,6.40475,4.286,1.9615,69,6,5
n01440764_5869.JPEG,4.61875,2.939,1.321,63,11,6
n01440764_5879.JPEG,0.75975,0.4175,0.256,21,46,13
n01440764_5902.JPEG,1.57975,0.456,0.1715,22,53,5
n01440764_5908.JPEG,6.9435,3.4495,1.18025,62,14,4
n01440764_5911.JPEG,1.582,0.876,0.51325,5,11,64
n01440764_5927.JPEG,2.289,1.5605,1.01375,26,6,48
n01440764_5941.JPEG,4.76525,2.959,1.448,73,3,4
n01440764_5946.JPEG,4.26475,1.928,0.9045,65,7,8
n01440764_5966.JPEG,0.73325,0.32,0.1765,1,52,27
n01440764_5969.JPEG,9.6365,6.643,4.80625,76,2,2
n01440764_5990.JPEG,9.61925,7.6795,5.63725,78,1,1
n01440764_5993.JPEG,3.46,2.126,1.173,58,17,5
n01440764_600.JPEG,5.23925,2.444,1.34375,70,6,4
n01440764_6021.JPEG,6.3995,3.835,1.26025,69,4,7
n01440764_6044.JPEG,6.289,2.55,0.88175,69,9,2
n01440764_6049.JPEG,5.019,1.7985,0.81975,61,14,5
n01440764_6052.JPEG,7.54775,3.898,1.95075,66,6,8
n01440764_6075.JPEG,4.8605,1.9505,0.9175,68,7,5
n01440764_6118.JPEG,2.57325,0.997,0.64675,46,14,20
n01440764_6130.JPEG,11.51125,7.897,1.76425,61,15,4
n01440764_6146.JPEG,6.80625,2.602,1.10325,60,15,5
n01440764_6157.JPEG,1.9005,1.2485,0.733,49,16,15
n01440764_6159.JPEG,7.269,2.3875,1.227,70,4,6
n01440764_6163.JPEG,3.2675,1.178,0.622,50,18,12
n01440764_6169.JPEG,2.7135,1.395,0.8565,51,5,24
n01440764_6174.JPEG,7.44725,3.1495,1.1985,73,5,2
n01440764_6190.JPEG,7.17775,4.5085,1.2615,65,6,9
n01440764_6206.JPEG,9.24975,7.556,4.6035,69,4,7
n01440764_622.JPEG,6.937,3.257,1.161,73,6,1
n01440764_6246.JPEG,6.71475,1.713,0.863,72,4,4
n01440764_6248.JPEG,2.8275,1.422,0.73275,49,20,11
n01440764_6249.JPEG,6.62025,4.268,1.82875,71,6,3
n01440764_6268.JPEG,7.9615,4.7805,2.4755,75,3,2
n01440764_6275.JPEG,5.7765,1.604,0.734,73,5,2
n01440764_6279.JPEG,4.431,0.9785,0.36475,60,18,2
n01440764_6288.JPEG,8.03875,3.7495,2.1615,76,2,2
n01440764_63.JPEG,7.99075,5.9205,2.81025,64,9,7
n01440764_6301.JPEG,8.21,4.521,1.283,71,4,5
n01440764_6341.JPEG,10.2735,8.4325,6.40325,74,3,3
n01440764_6348.JPEG,7.48825,5.3995,2.7215,63,14,3
n01440764_6361.JPEG,4.63825,1.112,0.559,59,17,4
n01440764_6375.JPEG,6.55175,3.353,0.951,64,12,4
n01440764_6380.JPEG,3.70075,1.799,0.9195,61,6,13
n01440764_6386.JPEG,5.66375,3.029,1.85975,73,3,4
n01440764_6388.JPEG,3.2205,0.356,0.1315,30,41,9
n01440764_6391.JPEG,7.3245,5.2335,2.93075,73,3,4
n01440764_6395.JPEG,6.431,3.736,1.171,63,13,4
n01440764_6399.JPEG,9.15725,5.376,3.17775,69,6,5
n01440764_6410.JPEG,4.95625,2.636,1.6095,75,2,3
n01440764_6421.JPEG,7.134,4.5255,2.36125,75,5,0
n01440764_6425.JPEG,8.08025,5.5085,3.15225,62,11,7
n01440764_6432.JPEG,5.95475,0.966,0.41225,68,8,4
n01440764_6443.JPEG,6.67425,3.543,1.947,63,9,8
n01440764_6468.JPEG,3.7475,0.4,0.20125,46,22,12
n01440764_6471.JPEG,4.31525,2.708,1.34575,61,11,8
n01440764_6484.JPEG,4.949,1.5235,0.782,32,39,9
n01440764_6485.JPEG,7.75225,2.4295,1.10125,69,7,4
n01440764_6494.JPEG,4.8745,2.8905,1.06975,72,5,3
n01440764_6497.JPEG,6.617,2.458,0.6705,58,15,7
n01440764_650.JPEG,6.3665,3.824,0.7745,61,14,5
n01440764_6500.JPEG,8.05075,5.0725,2.78425,72,3,5
n01440764_6501.JPEG,5.81025,3.7925,1.05575,56,19,5
n01440764_6508.JPEG,6.07275,4.719,2.11975,0,14,66
n01440764_6524.JPEG,8.117,5.406,2.65175,75,4,1
n01440764_6543.JPEG,8.67725,5.345,3.6205,74,5,1
n01440764_6548.JPEG,8.70975,5.8645,2.86325,71,6,3
n01440764_6550.JPEG,8.42925,5.0065,2.66975,74,4,2
n01440764_6568.JPEG,4.96575,2.409,0.65225,54,22,4
n01440764_6570.JPEG,5.34825,2.4485,0.5725,55,14,11
n01440764_6572.JPEG,5.43875,3.585,1.092,54,19,7
n01440764_658.JPEG,8.08175,6.246,3.6195,75,5,0
n01440764_6628.JPEG,7.84175,4.988,4.25875,78,1,1
n01440764_6641.JPEG,10.7795,8.9105,6.9745,79,1,0
n01440764_6642.JPEG,8.58925,6.0415,4.3225,77,2,1
n01440764_6643.JPEG,8.4775,6.4235,3.18875,77,0,3
n01440764_6647.JPEG,10.87525,9.322,7.11625,74,4,2
n01440764_6659.JPEG,5.684,3.087,1.32975,60,9,11
n01440764_6672.JPEG,9.9945,8.415,5.8005,78,0,2
n01440764_6697.JPEG,10.769,8.54,5.52625,74,4,2
n01440764_6706.JPEG,7.208,3.3885,2.27525,74,4,2
n01440764_6707.JPEG,8.14075,4.456,2.6915,72,4,4
n01440764_6714.JPEG,6.771,4.059,1.15375,61,11,8
n01440764_6719.JPEG,10.07775,7.2015,4.21625,68,6,6
n01440764_6751.JPEG,6.66725,3.71,1.0165,62,5,13
n01440764_6758.JPEG,5.86375,3.7635,1.5955,60,7,13
n01440764_6760.JPEG,5.11275,3.386,1.305,64,6,10
n01440764_677.JPEG,5.41025,1.3755,0.4265,51,22,7
n01440764_6786.JPEG,8.918,5.794,3.37225,76,4,0
n01440764_6812.JPEG,8.171,4.7735,3.3585,75,2,3
n01440764_6816.JPEG,1.1085,0.302,0.144,22,52,6
n01440764_6831.JPEG,11.00075,8.6765,6.4695,79,1,0
n01440764_6843.JPEG,7.03075,3.9595,1.31325,54,17,9
n01440764_6852.JPEG,1.953,1.071,0.70575,27,12,41
n01440764_6870.JPEG,7.819,4.432,3.512,75,4,1
n01440764_6878.JPEG,5.93475,3.0535,1.3445,72,1,7
n01440764_6887.JPEG,2.7365,1.354,0.5865,57,6,17
n01440764_6903.JPEG,6.1225,2.6685,1.346,56,18,6
n01440764_6917.JPEG,8.33625,6.1035,5.00225,75,1,4
n01440764_6924.JPEG,8.40925,5.1545,2.039,65,8,7
n01440764_6936.JPEG,6.704,4.3755,1.66125,69,6,5
n01440764_6945.JPEG,5.755,3.224,1.72275,73,5,2
n01440764_6949.JPEG,2.56225,1.3555,0.63425,58,6,16
n01440764_6954.JPEG,4.496,2.7015,1.032,58,19,3
n01440764_6958.JPEG,6.83775,3.5265,1.349,69,6,5
n01440764_6962.JPEG,4.90225,0.595,0.301,60,11,9
n01440764_6964.JPEG,8.11925,5.088,2.764,77,2,1
n01440764_6974.JPEG,10.36925,7.23,5.19025,78,1,1
n01440764_6975.JPEG,6.80225,4.065,3.124,77,1,2
n01440764_6990.JPEG,6.15025,3.345,1.84275,77,3,0
n01440764_7004.JPEG,4.90425,2.4315,1.34925,73,2,5
n01440764_7016.JPEG,7.083,3.98,2.2945,72,6,2
n01440764_7030.JPEG,5.709,3.107,1.84325,64,9,7
n01440764_7040.JPEG,5.041,2.677,0.6705,60,14,6
n01440764_7044.JPEG,8.68825,6.0325,3.86225,74,4,2
n01440764_7055.JPEG,7.68675,4.393,1.482,66,10,4
n01440764_7056.JPEG,11.511,9.124,3.64575,62,10,8
n01440764_710.JPEG,4.1985,1.9555,0.617,50,22,8
n01440764_7131.JPEG,6.32825,3.311,1.191,67,7,6
n01440764_7137.JPEG,4.46,0.9455,0.46025,61,12,7
n01440764_7142.JPEG,7.563,3.046,1.5475,73,5,2
n01440764_7153.JPEG,8.681,4.7375,3.30375,74,5,1
n01440764_7154.JPEG,7.1725,2.8395,1.38925,57,16,7
n01440764_7157.JPEG,6.97375,4.415,1.99525,75,4,1
n01440764_7158.JPEG,6.673,4.2965,1.52125,61,16,3
n01440764_7160.JPEG,4.97725,2.703,1.0455,55,20,5
n01440764_7173.JPEG,0.907,0.3805,0.19425,18,60,2
n01440764_7185.JPEG,4.6215,1.7285,0.6965,56,14,10
n01440764_7210.JPEG,6.5175,3.7875,2.648,75,4,1
n01440764_7230.JPEG,6.58675,3.4525,1.174,64,9,7
n01440764_724.JPEG,2.0685,1.086,0.59675,47,15,18
n01440764_7253.JPEG,2.471,0.7045,0.36725,40,26,14
n01440764_7267.JPEG,3.14175,1.7375,1.1185,40,4,36
n01440764_7269.JPEG,6.944,4.2965,2.53175,77,3,0
n01440764_7272.JPEG,5.37275,2.929,0.9205,62,12,6
n01440764_7274.JPEG,7.6225,5.491,2.36075,70,4,6
n01440764_7277.JPEG,8.46925,6.7625,4.79775,75,3,2
n01440764_7285.JPEG,5.48775,2.36,1.0165,64,9,7
n01440764_73.JPEG,6.19375,3.3255,1.0105,61,14,5
n01440764_7302.JPEG,8.87325,5.1755,2.08225,72,5,3
n01440764_7304.JPEG,6.78,0.825,0.3755,70,4,6
n01440764_7324.JPEG,7.49275,5.473,3.6675,72,6,2
n01440764_7326.JPEG,9.082,6.547,4.457,76,3,1
n01440764_7362.JPEG,5.6005,2.187,0.97925,49,21,10
n01440764_7379.JPEG,3.43025,1.69,0.69275,60,9,11
n01440764_7383.JPEG,7.93275,5.5705,2.3185,66,6,8
n01440764_739.JPEG,4.90275,2.8935,1.02925,64,9,7
n01440764_7397.JPEG,3.67875,1.028,0.48075,57,18,5
n01440764_7411.JPEG,6.9055,2.694,0.59225,58,16,6
n01440764_7424.JPEG,6.4265,5.059,2.82525,73,3,4
n01440764_7425.JPEG,8.10225,4.6855,3.38325,74,3,3
n01440764_7426.JPEG,7.411,3.5425,1.5785,75,4,1
n01440764_7428.JPEG,4.41125,2.593,0.95575,59,18,3
n01440764_7457.JPEG,5.1485,2.5025,1.117,69,4,7
n01440764_7462.JPEG,5.708,2.825,0.985,71,6,3
n01440764_747.JPEG,6.372,2.505,0.79425,61,13,6
n01440764_7473.JPEG,1.2435,0.356,0.1355,24,52,4
n01440764_7492.JPEG,3.05775,1.151,0.75775,0,28,52
n01440764_7499.JPEG,7.653,5.2305,2.04325,68,6,6
n01440764_7501.JPEG,6.56275,3.5885,1.02725,64,10,6
n01440764_7514.JPEG,6.31475,4.1765,1.94,60,16,4
n01440764_7519.JPEG,7.72175,5.903,2.7455,70,6,4
n01440764_752.JPEG,6.35075,2.321,0.927,64,7,9
n01440764_7521.JPEG,7.2525,1.508,0.69575,61,17,2
n01440764_7531.JPEG,3.318,0.4165,0.18475,51,15,14
n01440764_7548.JPEG,8.779,5.529,4.12375,74,5,1
n01440764_7558.JPEG,10.46125,7.8675,2.049,61,16,3
n01440764_7562.JPEG,5.57125,4.082,2.69725,0,23,57
n01440764_7571.JPEG,4.02425,2.3,0.7715,56,21,3
n01440764_7585.JPEG,6.84725,4.8365,2.716,73,3,4
n01440764_7591.JPEG,6.95725,4.751,2.2685,66,2,12
n01440764_7610.JPEG,4.12125,0.495,0.20725,57,13,10
n01440764_762.JPEG,4.25825,1.1105,0.4275,56,13,11
n01440764_7629.JPEG,3.17175,1.8825,0.97675,37,22,21
n01440764_7632.JPEG,5.49575,1.9755,0.84875,70,4,6
n01440764_7637.JPEG,6.92525,5.637,3.64075,77,1,2
n01440764_7638.JPEG,7.488,3.0145,1.59325,75,2,3
n01440764_7647.JPEG,7.722,3.791,1.2745,69,9,2
n01440764_7671.JPEG,6.89375,4.151,1.795,73,5,2
n01440764_7677.JPEG,10.24975,7.733,4.06425,70,7,3
n01440764_7688.JPEG,6.4265,4.026,0.94775,63,14,3
n01440764_769.JPEG,5.9865,3.594,1.16675,72,6,2
n01440764_7701.JPEG,1.89775,1.0775,0.63625,39,17,24
n01440764_7714.JPEG,5.78475,2.6775,0.73475,58,17,5
n01440764_7715.JPEG,8.9285,5.521,2.32175,71,6,3
n01440764_7719.JPEG,4.694,0.5295,0.2735,53,22,5
n01440764_7746.JPEG,8.83525,6.639,4.86675,73,3,4
n01440764_7752.JPEG,5.56825,2.8735,0.995,67,5,8
n01440764_7754.JPEG,7.98025,4.5935,1.8245,72,5,3
n01440764_7772.JPEG,7.24375,5.2465,2.83325,74,4,2
n01440764_7774.JPEG,9.633,7.324,5.0495,76,1,3
n01440764_7778.JPEG,4.1435,2.472,1.308,73,4,3
n01440764_7786.JPEG,9.414,5.919,3.1795,76,3,1
n01440764_7787.JPEG,8.2065,5.42,3.88075,75,4,1
n01440764_7792.JPEG,3.814,0.7,0.35775,56,18,6
n01440764_78.JPEG,0.58925,0.3955,0.25625,2,67,11
n01440764_7807.JPEG,6.33175,4.1125,1.2195,70,7,3
n01440764_7819.JPEG,9.24025,7.5515,4.85225,72,6,2
n01440764_7820.JPEG,9.48125,7.2465,3.26975,72,1,7
n01440764_7846.JPEG,8.367,5.3775,3.292,76,2,2
n01440764_7857.JPEG,7.34,5.911,3.2125,73,6,1
n01440764_7859.JPEG,3.526,1.9105,1.079,23,31,26
n01440764_7876.JPEG,4.49725,2.3345,0.851,68,9,3
n01440764_7877.JPEG,7.063,3.338,1.0745,64,6,10
n01440764_7889.JPEG,7.08875,3.046,1.31725,72,7,1
n01440764_7897.JPEG,10.4565,7.667,5.2225,70,7,3
n01440764_7908.JPEG,7.50375,4.9535,3.54575,72,6,2
n01440764_7913.JPEG,10.621,7.884,6.01825,79,1,0
n01440764_7922.JPEG,8.77025,5.2645,1.114,67,8,5
n01440764_7926.JPEG,5.017,2.01,0.4595,42,30,8
n01440764_7929.JPEG,5.80275,3.7695,2.34025,72,5,3
n01440764_7943.JPEG,5.55675,3.3845,1.118,55,21,4
n01440764_7946.JPEG,8.93975,6.9935,3.243,74,3,3
n01440764_7950.JPEG,9.37025,7.569,5.66775,74,2,4
n01440764_7963.JPEG,11.128,9.2425,7.13175,75,5,0
n01440764_7967.JPEG,7.9085,5.6955,3.18775,74,4,2
n01440764_7982.JPEG,3.75125,0.9825,0.4015,46,21,13
n01440764_7985.JPEG,9.3665,7.6515,5.786,74,5,1
n01440764_7988.JPEG,11.01475,7.6975,3.1155,71,7,2
n01440764_8003.JPEG,6.706,2.344,0.99075,72,5,3
n01440764_8012.JPEG,7.4085,5.985,3.5405,75,1,4
n01440764_8013.JPEG,4.3355,1.147,0.5345,58,19,3
n01440764_8030.JPEG,8.07825,4.34,2.13325,71,6,3
n01440764_8045.JPEG,10.2325,8.1615,4.747,80,0,0
n01440764_8052.JPEG,1.4335,0.3705,0.19375,29,38,13
n01440764_8057.JPEG,1.7075,0.5515,0.2355,34,33,13
n01440764_8063.JPEG,9.82325,6.696,3.98675,67,9,4
n01440764_8067.JPEG,8.0605,6.1595,3.76725,74,4,2
n01440764_8077.JPEG,8.47275,6.651,4.34475,74,1,5
n01440764_8082.JPEG,6.7865,2.7845,0.627,58,15,7
n01440764_8084.JPEG,10.2875,8.0215,3.01025,64,9,7
n01440764_8112.JPEG,7.48575,4.5775,1.6585,62,13,5
n01440764_8134.JPEG,4.642,2.3705,0.8335,48,27,5
n01440764_8142.JPEG,6.35575,3.317,1.48575,72,7,1
n01440764_8150.JPEG,10.14375,7.6165,3.04625,66,10,4
n01440764_8160.JPEG,4.298,1.773,0.8035,56,21,3
n01440764_8163.JPEG,5.1095,1.2305,0.70375,65,9,6
n01440764_8164.JPEG,10.3745,8.1965,5.628,77,2,1
n01440764_8191.JPEG,5.972,1.3595,0.5805,62,8,10
n01440764_8210.JPEG,10.1585,7.4905,4.75225,76,2,2
n01440764_8215.JPEG,3.51275,1.317,0.89725,43,10,27
n01440764_8219.JPEG,2.603,0.8575,0.47025,54,17,9
n01440764_8221.JPEG,9.22575,5.871,4.08075,74,3,3
n01440764_8240.JPEG,7.69225,4.4735,2.47775,67,7,6
n01440764_8243.JPEG,9.15425,6.419,4.29525,77,3,0
n01440764_8246.JPEG,7.2355,4.728,3.15925,78,1,1
n01440764_8249.JPEG,3.628,1.7575,0.73675,52,16,12
n01440764_8250.JPEG,3.1515,1.393,0.50275,51,17,12
n01440764_8260.JPEG,5.73075,3.4085,1.2225,68,6,6
n01440764_827.JPEG,8.78525,5.775,3.7455,70,3,7
n01440764_8288.JPEG,6.4065,4.558,0.9965,58,12,10
n01440764_8302.JPEG,9.07075,6.854,4.824,74,2,4
n01440764_8311.JPEG,5.9645,3.9585,2.11325,1,34,45
n01440764_8312.JPEG,8.47525,5.5965,3.916,76,2,2
n01440764_833.JPEG,8.51075,5.557,2.32975,66,8,6
n01440764_8334.JPEG,4.4945,2.8315,1.372,63,4,13
n01440764_8343.JPEG,5.54,2.2025,0.98725,73,3,4
n01440764_8347.JPEG,8.08325,5.2275,1.658,74,5,1
n01440764_8363.JPEG,6.96875,2.316,0.89075,65,8,7
n01440764_8364.JPEG,9.763,7.0095,2.574,62,11,7
n01440764_8367.JPEG,5.6315,4.103,1.88,67,3,10
n01440764_8374.JPEG,10.00075,7.596,5.83025,76,3,1
n01440764_8384.JPEG,5.8105,1.7545,0.8115,65,8,7
n01440764_8394.JPEG,6.84375,3.806,1.477,51,14,15
n01440764_8398.JPEG,7.9785,5.563,4.2145,72,5,3
n01440764_8409.JPEG,7.19875,4.2975,2.57575,72,6,2
n01440764_8414.JPEG,3.916,1.917,0.91575,65,6,9
n01440764_8418.JPEG,7.3525,1.2305,0.388,60,15,5
n01440764_8421.JPEG,0.724,0.395,0.1855,19,39,22
n01440764_8423.JPEG,5.175,3.1175,1.59075,71,5,4
n01440764_8424.JPEG,6.56525,3.5725,1.40725,71,6,3
n01440764_8426.JPEG,2.19375,0.9465,0.57525,53,16,11
n01440764_844.JPEG,5.3795,2.5815,1.03325,64,12,4
n01440764_8442.JPEG,8.8285,6.3645,4.1475,72,6,2
n01440764_8451.JPEG,6.508,4.43,2.447,65,10,5
n01440764_8453.JPEG,8.24225,5.1395,3.51675,77,2,1
n01440764_8455.JPEG,6.53325,2.215,1.43975,74,5,1
n01440764_8466.JPEG,7.11075,4.168,2.2865,62,15,3
n01440764_8467.JPEG,5.85575,2.684,1.01175,64,11,5
n01440764_8469.JPEG,6.089,1.6765,0.688,62,10,8
n01440764_8479.JPEG,6.6475,2.119,1.13175,72,6,2
n01440764_8499.JPEG,9.00425,7.6505,3.83625,63,13,4
n01440764_8504.JPEG,11.49225,10.3665,8.21875,75,3,2
n01440764_8521.JPEG,3.989,1.047,0.35725,49,20,11
n01440764_8528.JPEG,8.8165,3.8035,1.1415,61,15,4
n01440764_8529.JPEG,3.19975,1.23,0.60525,62,6,12
n01440764_853.JPEG,5.78425,2.6355,0.98425,70,5,5
n01440764_8531.JPEG,6.68225,4.389,1.1645,56,11,13
n01440764_8548.JPEG,8.37,6.1855,4.35625,73,3,4
n01440764_8572.JPEG,6.2795,4.1975,1.7185,73,4,3
n01440764_8580.JPEG,0.687,0.2355,0.11125,18,59,3
n01440764_8589.JPEG,5.6595,4.3905,2.97775,75,2,3
n01440764_8600.JPEG,6.12075,4.7085,2.90775,73,4,3
n01440764_8601.JPEG,6.03275,2.897,0.83225,65,7,8
n01440764_8610.JPEG,3.99,1.516,0.59525,49,16,15
n01440764_8611.JPEG,6.11875,3.8385,1.576,64,13,3
n01440764_8613.JPEG,3.39675,1.199,0.71875,59,6,15
n01440764_8622.JPEG,10.98775,9.145,6.66925,76,4,0
n01440764_8623.JPEG,4.12575,2.0585,1.066,68,7,5
n01440764_866.JPEG,8.01075,5.329,2.98825,74,4,2
n01440764_8673.JPEG,7.5815,3.966,2.70425,75,2,3
n01440764_8688.JPEG,11.1375,9.3955,6.254,72,6,2
n01440764_8689.JPEG,6.7835,3.4025,1.2425,61,12,7
n01440764_8699.JPEG,5.476,1.978,0.83,73,5,2
n01440764_8708.JPEG,7.67925,5.095,3.54975,75,4,1
n01440764_8710.JPEG,6.522,0.8605,0.51175,66,5,9
n01440764_8748.JPEG,4.9665,1.468,0.70975,62,12,6
n01440764_8757.JPEG,8.2765,4.813,2.0065,63,8,9
n01440764_8764.JPEG,5.5845,3.3095,2.0825,72,4,4
n01440764_8771.JPEG,6.10425,2.28,1.41375,75,4,1
n01440764_8782.JPEG,9.1595,7.6255,5.3575,73,6,1
n01440764_8783.JPEG,9.1155,6.7155,4.2875,76,1,3
n01440764_8801.JPEG,6.78625,3.5945,2.17475,75,3,2
n01440764_8805.JPEG,8.60925,4.4295,1.69875,70,5,5
n01440764_8813.JPEG,10.98725,8.136,4.782,70,7,3
n01440764_8826.JPEG,9.65625,7.247,5.3935,74,5,1
n01440764_8834.JPEG,3.59725,0.9785,0.4945,56,10,14
n01440764_8849.JPEG,7.179,3.7045,2.22025,67,5,8
n01440764_885.JPEG,6.3605,3.941,1.92725,70,5,5
n01440764_8852.JPEG,5.9905,3.2865,2.17675,75,2,3
n01440764_886.JPEG,4.56875,1.949,0.592,58,15,7
n01440764_8875.JPEG,7.9645,2.369,0.74025,67,10,3
n01440764_8878.JPEG,8.13375,5.44,4.013,76,1,3
n01440764_8885.JPEG,4.97225,2.696,1.093,68,7,5
n01440764_8903.JPEG,6.7545,5.221,2.98075,73,3,4
n01440764_8908.JPEG,6.6855,4.481,1.79675,66,3,11
n01440764_8910.JPEG,6.0715,2.869,1.179,59,19,2
n01440764_8917.JPEG,6.74775,3.0075,1.873,76,4,0
n01440764_8938.JPEG,5.93775,3.8375,2.11725,72,3,5
n01440764_8948.JPEG,5.951,4.1035,1.33675,70,6,4
n01440764_898.JPEG,6.6615,4.6265,2.09875,67,8,5
n01440764_8992.JPEG,6.33625,3.851,1.84525,76,2,2
n01440764_9020.JPEG,5.16525,3.247,2.11625,76,1,3
n01440764_9031.JPEG,5.57575,2.1255,0.82675,74,4,2
n01440764_9057.JPEG,0.8955,0.2935,0.158,23,51,6
n01440764_9091.JPEG,4.12525,0.319,0.16775,45,31,4
n01440764_9093.JPEG,7.164,3.196,1.87025,75,1,4
n01440764_910.JPEG,7.42975,4.8685,2.43875,73,3,4
n01440764_9108.JPEG,3.18325,2.064,1.07575,68,3,9
n01440764_9135.JPEG,3.518,0.9925,0.5365,48,15,17
n01440764_9152.JPEG,6.80775,0.842,0.3915,68,9,3
n01440764_9157.JPEG,6.466,3.691,1.342,54,18,8
n01440764_9178.JPEG,9.248,7.2265,5.14725,74,4,2
n01440764_9191.JPEG,7.913,4.909,3.193,79,1,0
n01440764_9197.JPEG,6.29475,3.191,1.65925,67,5,8
n01440764_921.JPEG,6.07275,4.5425,1.54975,63,16,1
n01440764_9212.JPEG,8.9385,6.778,1.44225,63,13,4
n01440764_9217.JPEG,7.38525,5.3325,2.29475,70,8,2
n01440764_9229.JPEG,10.85225,9.0765,7.145,74,3,3
n01440764_9244.JPEG,7.82575,3.1655,1.1425,70,6,4
n01440764_925.JPEG,6.20825,3.0295,1.2195,59,15,6
n01440764_9289.JPEG,10.04125,8.3195,4.31425,67,7,6
n01440764_9292.JPEG,7,2.971,0.6645,58,17,5
n01440764_9304.JPEG,7.98725,4.75,2.4605,67,9,4
n01440764_9315.JPEG,4.20025,2.0495,0.76925,62,4,14
n01440764_9374.JPEG,5.043,2.5065,0.99175,71,5,4
n01440764_9378.JPEG,9.66175,5.7755,4.319,77,3,0
n01440764_9390.JPEG,2.79675,1.9255,1.1065,11,15,54
n01440764_9399.JPEG,7.385,4.7015,2.34725,64,9,7
n01440764_9428.JPEG,5.86075,3.608,2.218,69,4,7
n01440764_9437.JPEG,7.033,2.949,1.5905,71,5,4
n01440764_9442.JPEG,11.259,8.2715,3.58925,66,12,2
n01440764_9456.JPEG,3.48175,0.409,0.1435,39,32,9
n01440764_9463.JPEG,7.929,4.885,2.15,69,7,4
n01440764_9465.JPEG,6.3565,3.4585,1.07225,58,11,11
n01440764_9471.JPEG,6.7635,3.8655,1.10275,56,16,8
n01440764_9491.JPEG,6.25325,2.842,1.1605,60,12,8
n01440764_9504.JPEG,8.3205,4.1735,2.34375,74,4,2
n01440764_9518.JPEG,9.955,7.618,5.4925,76,3,1
n01440764_9523.JPEG,6.24425,3.1975,0.68975,63,7,10
n01440764_9533.JPEG,5.4555,2.7985,0.88525,64,9,7
n01440764_9543.JPEG,6.125,4.0585,1.39175,61,6,13
n01440764_9563.JPEG,4.68575,2.763,1.47925,70,3,7
n01440764_9567.JPEG,7.29225,2.77,1.08225,74,3,3
n01440764_9568.JPEG,3.9145,2.1465,0.6885,61,11,8
n01440764_9572.JPEG,4.76875,2.536,1.305,42,9,29
n01440764_9577.JPEG,4.4215,2.929,1.12325,68,7,5
n01440764_9595.JPEG,8.735,5.704,3.33975,73,5,2
n01440764_96.JPEG,5.61475,2.7495,0.76875,72,4,4
n01440764_9605.JPEG,7.12675,4.6625,2.06875,66,6,8
n01440764_9609.JPEG,6.2535,4.0015,2.12825,74,6,0
n01440764_9621.JPEG,2.5265,0.9885,0.46925,54,20,6
n01440764_9627.JPEG,6.296,2.9665,1.28075,67,7,6
n01440764_9638.JPEG,8.86125,7.2245,4.879,68,6,6
n01440764_9642.JPEG,6.187,3.2455,1.7425,67,4,9
n01440764_9649.JPEG,11.3725,9.6535,6.8525,74,4,2
n01440764_9665.JPEG,8.72925,6.105,4.163,75,2,3
n01440764_9667.JPEG,5.9325,1.18,0.50275,67,9,4
n01440764_9678.JPEG,7.19375,4.3665,2.1795,73,5,2
n01440764_9695.JPEG,7.166,4.18,2.196,71,5,4
n01440764_9697.JPEG,9.0715,6.7515,5.366,76,3,1
n01440764_97.JPEG,7.074,4.9855,2.592,75,3,2
n01440764_9706.JPEG,6.898,3.374,1.7805,76,3,1
n01440764_9720.JPEG,8.681,7.3865,5.26375,73,5,2
n01440764_9747.JPEG,4.34275,1.6195,0.77425,50,22,8
n01440764_9749.JPEG,5.86375,1.5065,0.64825,67,6,7
n01440764_9753.JPEG,6.48625,4.653,3.498,75,3,2
n01440764_9766.JPEG,4.14975,1.0025,0.3795,63,12,5
n01440764_9772.JPEG,1.8615,1.216,0.958,34,4,42
n01440764_9776.JPEG,6.91625,4.4535,1.85575,70,6,4
n01440764_9779.JPEG,6.10475,2.957,1.7975,72,3,5
n01440764_9780.JPEG,9.8645,7.4,4.66525,72,5,3
n01440764_9788.JPEG,6.896,2.46,1.17725,75,3,2
n01440764_9799.JPEG,1.383,0.7965,0.4545,18,9,53
n01440764_9811.JPEG,6.03225,1.7775,0.7825,69,5,6
n01440764_9846.JPEG,9.87325,8.319,5.7025,71,9,0
n01440764_985.JPEG,9.87925,6.5975,2.2745,64,12,4
n01440764_9855.JPEG,7.31125,2.1485,1.2365,75,4,1
n01440764_9859.JPEG,6.228,2.8525,0.90375,50,16,14
n01440764_9861.JPEG,8.09,5.4965,1.84725,67,7,6
n01440764_9864.JPEG,7.32725,5.242,2.73175,75,4,1
n01440764_9866.JPEG,7.86625,5.0415,2.6195,63,8,9
n01440764_9875.JPEG,3.017,1.414,0.57475,58,10,12
n01440764_9885.JPEG,8.5545,4.747,3.1075,75,4,1
n01440764_9890.JPEG,5.11775,2.5705,0.8195,64,9,7
n01440764_9893.JPEG,5.67325,1.5675,0.767,62,15,3
n01440764_9898.JPEG,5.1855,1.4425,0.68,36,38,6
n01440764_9914.JPEG,6.0135,4.269,1.414,56,16,8
n01440764_9929.JPEG,8.89775,6.901,3.0845,66,7,7
n01440764_993.JPEG,5.303,3.641,0.906,64,11,5
n01440764_9931.JPEG,6.26325,3.438,1.92475,79,1,0
n01440764_9939.JPEG,6.6885,4.206,2.14625,75,3,2
n01440764_9940.JPEG,5.22675,2.4905,0.801,63,11,6
n01440764_9962.JPEG,8.7155,4.3975,2.717,74,5,1
n01440764_9966.JPEG,6.6225,4.358,2.06825,73,2,5
n01440764_9973.JPEG,8.2595,5.2335,2.97875,76,3,1
n01440764_9981.JPEG,9.22275,6.481,4.1425,73,5,2
